id,Anger,Offensive,Hate,lockdown_status,state
1244704386036559872,1,0,0,1,alaska
1244458268702859265,0,0,0,1,alaska
1244444430280491008,0,0,0,1,alaska
1243947809901932544,0,0,0,1,alaska
1243724171470761984,0,0,0,1,alaska
1243374454844952576,0,0,0,1,alaska
1243038091687821312,1,0,0,1,alaska
1242402160538554368,0,0,0,1,alaska
1242400443017248770,0,0,0,1,alaska
1242311817453391872,0,0,0,1,alaska
1242311176102404097,0,0,0,1,alaska
1242310488177782785,1,0,0,1,alaska
1241870864183746560,0,0,0,1,alaska
1241243097431826434,1,0,0,1,alaska
1241044325414273029,0,0,0,1,alaska
1241013579156836352,0,0,0,1,alaska
1238888012487909377,1,0,0,1,alaska
1238674644535668737,0,0,0,1,alaska
1238673960805396480,0,0,0,1,alaska
1238568369474793472,0,0,0,1,alaska
1238564407992446977,0,0,0,1,alaska
1238552132720029696,0,0,0,1,alaska
1238392530527387648,0,0,0,1,alaska
1238175885468954624,0,0,0,1,alaska
1238013131021930498,0,0,0,1,alaska
1237865812842577921,0,0,0,1,alaska
1236817200960253952,0,0,0,0,alaska
1236537083423944704,0,0,0,0,alaska
1236097575209431040,0,0,0,0,alaska
1236064480863256577,0,0,0,0,alaska
1236062490502422528,0,0,0,0,alaska
1236050917268439040,0,0,0,0,alaska
1235654769076649984,0,0,0,0,alaska
1235635848961351680,0,0,0,0,alaska
1235420419928150016,0,0,0,0,alaska
1235350097698922509,0,0,0,0,alaska
1235328449939673089,0,0,0,0,alaska
1235326753893167104,0,0,0,0,alaska
1235321828446482433,0,0,0,0,alaska
1235321290183102466,1,0,0,0,alaska
1235253441745698816,1,0,0,0,alaska
1235252614159142912,0,0,0,0,alaska
1235251311706132481,0,0,0,0,alaska
1235180339925889024,0,0,0,0,alaska
1235177871305404416,0,0,0,0,alaska
1235176509721083904,0,0,0,0,alaska
1235095262877470720,0,0,0,0,alaska
1235084999109406720,0,0,0,0,alaska
1235080766976978944,0,0,0,0,alaska
1235055235778752516,0,0,0,0,alaska
1235054840117522432,0,0,0,0,alaska
1234927169475768320,0,0,0,0,alaska
1234896076340989952,0,0,0,0,alaska
1234717443303411712,0,0,0,0,alaska
1234716826350706688,1,0,0,0,alaska
1234692084419809281,0,0,0,0,alaska
1234690902058102784,0,0,0,0,alaska
1234573814417129472,0,0,0,0,alaska
1234570207760248834,0,0,0,0,alaska
1234569706712920065,0,0,0,0,alaska
1234185723168706560,0,1,0,0,alaska
1233986264241623040,0,0,0,0,alaska
1233812009260474369,0,0,0,0,alaska
1233650895222476800,0,0,0,0,alaska
1233633789936463872,0,0,0,0,alaska
1233546159559454720,0,0,0,0,alaska
1233194543601766400,0,0,0,0,alaska
1233147573105393665,0,0,0,0,alaska
1232839319632502784,0,0,0,0,alaska
1232804123558301697,0,0,0,0,alaska
1232771778696531968,0,0,0,0,alaska
1232771258703474688,0,0,0,0,alaska
1232767564725415936,0,0,0,0,alaska
1232543552107794434,0,0,0,0,alaska
1232485269221199872,0,0,0,0,alaska
1232480871254351873,0,0,0,0,alaska
1232011155398262785,0,0,0,0,alaska
1232007977516711936,0,0,0,0,alaska
1231751879962415104,0,0,0,0,alaska
1231748496023117825,0,0,0,0,alaska
1231476236192403456,1,0,0,0,alaska
1231475946739261440,0,0,0,0,alaska
1231475359188537345,0,0,0,0,alaska
1231322985589460993,0,0,0,0,alaska
1231276835117260801,0,0,0,0,alaska
1231267762082697221,0,0,0,0,alaska
1230913416476295168,0,0,0,0,alaska
1230696708629155844,0,0,0,0,alaska
1229955329577742337,0,0,0,0,alaska
1229885920746192896,0,0,0,0,alaska
1229866007453257729,1,0,0,0,alaska
1229826201084035072,0,0,0,0,alaska
1229294483583320064,0,0,0,0,alaska
1229294187763208192,0,0,0,0,alaska
1228413905707266048,0,0,0,0,alaska
1228413119619194880,0,0,0,0,alaska
1228400533859225600,0,0,0,0,alaska
1228380668964397056,0,0,0,0,alaska
1228005459623170053,0,0,0,0,alaska
1228004845921005568,1,0,0,0,alaska
1227983184714821632,0,0,0,0,alaska
1227922109315182592,0,0,0,0,alaska
1227839911849385986,0,0,0,0,alaska
1227839789505769477,0,0,0,0,alaska
1227838163361529856,0,0,0,0,alaska
1227708727047815169,0,0,0,0,alaska
1227707728254111745,0,0,0,0,alaska
1227646595392401417,0,0,0,0,alaska
1227279696448098304,0,0,0,0,alaska
1227092752124403712,0,0,0,0,alaska
1227092470762110976,0,0,0,0,alaska
1227028653571104768,0,0,0,0,alaska
1226927627534884871,0,0,0,0,alaska
1226926366429306884,1,1,1,0,alaska
1226652701951315968,0,0,0,0,alaska
1226646946485436416,0,0,0,0,alaska
1226330337145262081,0,0,0,0,alaska
1226251065252708352,0,0,0,0,alaska
1226040779547668481,0,0,0,0,alaska
1226034313923194882,0,0,0,0,alaska
1226033066847559680,0,0,0,0,alaska
1226031174155264002,0,0,0,0,alaska
1225962665681383425,1,0,0,0,alaska
1225874451012538369,1,0,0,0,alaska
1225868801960316928,0,0,0,0,alaska
1225643446133653505,0,0,0,0,alaska
1225582131289575425,0,0,0,0,alaska
1225574457265180672,0,0,0,0,alaska
1225563236701016064,0,0,0,0,alaska
1225525009348624385,1,0,0,0,alaska
1225184070293835776,0,0,0,0,alaska
1225183306955624449,1,0,0,0,alaska
1225163848052666368,0,0,0,0,alaska
1225162231639199744,0,0,0,0,alaska
1225117750936260608,0,0,0,0,alaska
1225116761776775174,0,0,0,0,alaska
1225012553421475841,0,0,0,0,alaska
1225012270213648384,0,0,0,0,alaska
1224899702941896707,0,0,0,0,alaska
1224808674830385152,1,1,0,0,alaska
1224742421897990144,1,0,0,0,alaska
1224431851957129216,0,0,0,0,alaska
1224428076601184256,0,0,0,0,alaska
1224426669856845824,1,1,0,0,alaska
1224425883634552832,0,0,0,0,alaska
1224108035833913344,0,0,0,0,alaska
1224107151230062592,0,0,0,0,alaska
1224106439716638720,0,0,0,0,alaska
1224041418500407296,0,0,0,0,alaska
1223842049176174593,0,0,0,0,alaska
1223800884393463809,0,0,0,0,alaska
1223662088049975296,0,0,0,0,alaska
1223661376238784512,0,0,0,0,alaska
1223660969743634433,0,1,0,0,alaska
1223392778060623872,0,0,0,0,alaska
1223367343260061697,1,0,0,0,alaska
1223324974695383040,0,0,0,0,alaska
1223324454920409090,1,0,0,0,alaska
1223319598600081409,0,0,0,0,alaska
1223270844987691008,0,0,0,0,alaska
1223083139230097409,0,0,0,0,alaska
1223055938837340160,0,0,0,0,alaska
1223028906334154752,0,0,0,0,alaska
1223028398622035968,0,0,0,0,alaska
1223028013811421184,0,0,0,0,alaska
1223011887836647426,0,0,0,0,alaska
1222951802158505984,1,0,0,0,alaska
1222879381783138306,1,0,0,0,alaska
1222739952972128257,1,0,0,0,alaska
1222312419508113408,0,0,0,0,alaska
1222311347762819072,1,1,0,0,alaska
1222048851701272576,0,0,0,0,alaska
1222001143464644609,1,0,0,0,alaska
1221973031775436801,0,0,0,0,alaska
1221943279387734016,0,0,0,0,alaska
1221940539592830976,1,0,0,0,alaska
1221332789733158913,0,0,0,0,alaska
1220849649772154880,0,0,0,0,alaska
1220838097409040384,0,0,0,0,alaska
1220836801020981249,0,0,0,0,alaska
1220427588507701250,1,0,0,0,alaska
1220208989419425792,0,0,0,0,alaska
1220207323739643904,0,0,0,0,alaska
1219966887741644800,1,0,0,0,alaska
1219966474875363330,1,0,0,0,alaska
1219747542931345409,0,0,0,0,alaska
1219356358723559424,0,0,0,0,alaska
1219048090008612864,0,0,0,0,alaska
1219046889531662336,0,0,0,0,alaska
1218993378357940224,0,0,0,0,alaska
1218987669692149760,0,0,0,0,alaska
1218377785376329728,0,0,0,0,alaska
1215478674805252102,0,0,0,0,alaska
1214336743832342528,0,0,0,0,alaska
1214220824271474688,1,0,0,0,alaska
1212485629281308672,0,0,0,0,alaska
1212304760432254977,0,0,0,0,alaska
1212195636885327872,0,0,0,0,alaska
1212153205842305024,0,0,0,0,alaska
1244959266601144324,0,0,0,1,alaska
1244455184325099520,1,0,0,1,alaska
1244385758523293697,0,0,0,1,alaska
1244385520324575240,0,0,0,1,alaska
1244346305851293699,1,0,0,1,alaska
1244267871636803591,0,1,0,1,alaska
1243580107551379457,0,0,0,1,alaska
1242862775640227842,0,0,0,1,alaska
1242862403945205764,1,1,0,1,alaska
1239556619400368130,0,0,0,1,alaska
1238416281843499013,0,0,0,1,alaska
1238232504873738241,0,0,0,1,alaska
1237832967814250496,0,0,0,1,alaska
1236662495202480128,1,0,0,0,alaska
1236661863628357639,0,0,0,0,alaska
1232756465884160000,1,1,1,0,alaska
1232309158063542272,0,0,0,0,alaska
1232301801682210816,1,1,0,0,alaska
1230965047775633409,1,0,1,0,alaska
1230953517722066944,1,1,0,0,alaska
1230331317981716480,1,1,0,0,alaska
1229963815510585344,1,1,0,0,alaska
1229962307461054465,0,0,0,0,alaska
1229924324511035392,0,0,0,0,alaska
1229811646627033088,0,0,0,0,alaska
1223794126673661952,0,0,0,0,alaska
1223633989237444608,0,0,0,0,alaska
1221774393363308546,0,0,0,0,alaska
1218536619512356864,0,0,0,0,alaska
1218307560924688384,0,0,0,0,alaska
1218286202903764992,0,0,0,0,alaska
1218273161361444864,1,0,0,0,alaska
1217568650925834247,1,1,1,0,alaska
1216740552785481729,0,1,0,0,alaska
1216717531299418113,0,0,0,0,alaska
1215816615566151680,0,0,0,0,alaska
1214279657031393280,0,0,0,0,alaska
1213983351364890624,0,0,0,0,alaska
1213549228158603267,0,0,0,0,alaska
1213473712437108736,0,0,0,0,alaska
1212891866733121536,1,1,0,0,alaska
1244854353510318081,0,0,0,1,alaska
1244415090440323072,0,0,0,1,alaska
1244326397117513728,0,0,0,1,alaska
1243933849827962887,0,0,0,1,alaska
1243251822531239941,0,0,0,1,alaska
1243013905930055681,0,0,0,1,alaska
1242991875935494144,1,0,0,1,alaska
1242991602299101189,0,0,0,1,alaska
1241960655219044352,0,0,0,1,alaska
1241813944169160704,1,0,0,1,alaska
1241401973728894977,0,0,0,1,alaska
1240749996619608064,0,0,0,1,alaska
1239224077195198466,0,0,0,1,alaska
1238929948661837826,0,0,0,1,alaska
1238929088896589825,1,0,0,1,alaska
1238887991029796865,0,0,0,1,alaska
1237935213470089216,0,0,0,1,alaska
1237539648504647681,0,0,0,1,alaska
1236860146409558017,0,0,0,0,alaska
1236857835994013696,0,0,0,0,alaska
1236488021836361729,0,0,0,0,alaska
1235955445203783681,0,0,0,0,alaska
1230534446060752896,0,0,0,0,alaska
1229619842811973632,0,0,0,0,alaska
1229619836449243136,0,0,0,0,alaska
1228730262961287169,0,0,0,0,alaska
1226737775392591873,0,0,0,0,alaska
1226697156133736448,0,0,0,0,alaska
1226570576468135936,0,0,0,0,alaska
1226176489814544385,0,1,0,0,alaska
1225536120064282624,0,0,0,0,alaska
1224557886317027330,0,0,0,0,alaska
1224554073497583616,0,0,0,0,alaska
1224550402147807233,0,0,0,0,alaska
1224490970374262784,0,0,0,0,alaska
1222748817553907712,0,0,0,0,alaska
1221832125642506240,0,0,0,0,alaska
1219392943972159489,0,0,0,0,alaska
1219338190999277568,0,0,0,0,alaska
1218384033588973568,0,0,0,0,alaska
1216182285264805888,0,0,0,0,alaska
1214630897611235328,0,0,0,0,alaska
1243582307434299392,0,0,0,1,alaska
1242108610785587207,1,0,0,1,alaska
1241763241023295489,0,0,0,1,alaska
1241114342298271745,0,0,0,1,alaska
1241114236891222017,0,0,0,1,alaska
1233920770201411584,1,0,0,0,alaska
1233841005079777280,0,0,0,0,alaska
1233831396189196288,1,0,0,0,alaska
1233828124309127168,1,0,0,0,alaska
1232912235485253632,0,0,0,0,alaska
1232426609623191553,0,0,0,0,alaska
1228508961982205952,0,0,0,0,alaska
1228508665046429696,0,1,0,0,alaska
1228508141878251520,0,0,0,0,alaska
1228487006759448576,1,0,0,0,alaska
1228384057530052609,0,0,0,0,alaska
1222278326506573825,0,0,0,0,alaska
1220466994115309569,0,0,0,0,alaska
1217113526495404032,0,0,0,0,alaska
1216170840959569921,0,0,0,0,alaska
1216169066307567616,0,0,0,0,alaska
1216168510553874432,0,0,0,0,alaska
1216167456596623360,0,0,0,0,alaska
1216166451129675777,0,0,0,0,alaska
1216165925101031425,0,0,0,0,alaska
1215084953425170432,0,0,0,0,alaska
1214933915669950465,0,0,0,0,alaska
1244686571930075138,0,0,0,1,alaska
1244322949500416001,0,0,0,1,alaska
1244283546019213312,0,0,0,1,alaska
1243648543447007233,0,0,0,1,alaska
1243648542557814791,0,0,0,1,alaska
1243648541635067906,0,0,0,1,alaska
1243648540653559809,0,0,0,1,alaska
1243648539600789506,0,0,0,1,alaska
1243250919267086338,0,0,0,1,alaska
1242816632558419970,0,0,0,1,alaska
1242816631740473345,1,0,0,1,alaska
1242816629320400903,0,0,0,1,alaska
1242200687783616515,0,0,0,1,alaska
1242200686886096897,0,0,0,1,alaska
1242200684147159048,0,0,0,1,alaska
1236030625523609602,0,0,0,0,alaska
1235946052198465536,0,0,0,0,alaska
1235946051179331584,0,0,0,0,alaska
1235946050357248002,0,0,0,0,alaska
1235946049430224903,0,0,0,0,alaska
1235946048515960832,0,0,0,0,alaska
1235946046506795013,0,0,0,0,alaska
1235617031556390912,0,0,0,0,alaska
1234892138657259520,0,0,0,0,alaska
1230218541468725251,0,0,0,0,alaska
1227684603386875905,0,0,0,0,alaska
1227684601335894016,0,0,0,0,alaska
1227379377219960833,0,0,0,0,alaska
1226975156951756802,0,0,0,0,alaska
1226975155248914433,0,0,0,0,alaska
1225822078449987585,0,0,0,0,alaska
1225545805504925700,0,0,0,0,alaska
1224770723203440647,0,0,0,0,alaska
1219283739395723267,0,0,0,0,alaska
1218972017489334272,0,0,0,0,alaska
1218972016537227264,0,0,0,0,alaska
1218972014389735427,0,0,0,0,alaska
1218972003694149633,0,0,0,0,alaska
1218972001223806976,0,0,0,0,alaska
1217845262451925001,0,0,0,0,alaska
1217845261713793025,1,0,1,0,alaska
1217845260925227010,1,0,1,0,alaska
1217845258534510592,0,0,0,0,alaska
1216054434251276295,0,0,0,0,alaska
1215712395571666946,0,0,0,0,alaska
1215317519185186816,0,0,0,0,alaska
1214999257356394497,0,0,0,0,alaska
1213153974943006721,0,0,0,0,alaska
1241926981479829505,0,0,0,1,alaska
1241151347027660800,0,0,0,1,alaska
1241150854717038592,0,0,0,1,alaska
1241150281926053888,0,0,0,1,alaska
1241146767577452544,1,1,0,1,alaska
1241111900617760770,0,0,0,1,alaska
1240864522698555394,0,0,0,1,alaska
1240153019964153856,0,0,0,1,alaska
1240152465426743297,0,0,0,1,alaska
1237520151039234049,0,0,0,0,alaska
1237439801906712576,0,0,0,0,alaska
1236128061617139712,0,0,0,0,alaska
1236029153494700032,0,0,0,0,alaska
1235007650217091074,0,0,0,0,alaska
1229558064413462529,0,0,0,0,alaska
1226291121149472768,0,0,0,0,alaska
1224531552832409601,0,0,0,0,alaska
1222216794456260608,0,0,0,0,alaska
1220601411139883008,0,0,0,0,alaska
1220599571581026305,0,0,0,0,alaska
1220592806344851457,0,0,0,0,alaska
1215792431464992768,0,0,0,0,alaska
1215092573330501632,0,0,0,0,alaska
1216762136359309312,0,0,0,0,alaska
1287199675229954048,0,0,0,0,alaska
1271131797749821440,0,0,0,0,alaska
1267918388602392576,0,0,0,0,alaska
1267666832086843394,0,0,0,0,alaska
1267346235330969601,0,0,0,0,alaska
1258226196359176193,0,0,0,0,alaska
1311507357101416448,0,0,0,0,alaska
1311141918433316866,0,0,0,0,alaska
1311101005497544704,0,0,0,0,alaska
1310624046833373185,0,0,0,0,alaska
1310415215763369984,0,0,0,0,alaska
1310413561055842304,1,0,0,0,alaska
1310412676204498950,1,1,1,0,alaska
1310375245547810817,0,0,0,0,alaska
1310246592495210496,0,0,0,0,alaska
1310246100524302336,0,0,0,0,alaska
1309916409284177926,0,0,0,0,alaska
1309857692060659714,0,0,0,0,alaska
1305933800166363136,1,0,0,0,alaska
1305933244895039493,0,0,0,0,alaska
1303027054447915008,0,0,0,0,alaska
1303024655394123779,0,1,0,0,alaska
1301983430268329984,0,0,0,0,alaska
1301974785581346816,1,1,1,0,alaska
1301974262123835395,0,0,0,0,alaska
1301973949090234370,0,0,0,0,alaska
1301973844031401986,1,0,0,0,alaska
1301973489172312071,0,0,0,0,alaska
1301972879203074050,1,1,0,0,alaska
1301972190800285696,0,0,0,0,alaska
1301970938813128714,0,0,0,0,alaska
1301970747850661888,0,0,0,0,alaska
1301970577033486338,0,0,0,0,alaska
1301969683999006721,0,0,0,0,alaska
1301969247757905920,0,0,0,0,alaska
1301968080533434370,0,0,0,0,alaska
1301967834801733644,0,0,0,0,alaska
1301967078497357825,0,0,0,0,alaska
1301950225540673536,0,0,0,0,alaska
1301300747146059778,0,0,0,0,alaska
1296821794293391361,0,0,0,0,alaska
1295005833495887873,0,0,0,0,alaska
1293316083659677696,1,0,0,0,alaska
1293314400325996545,1,0,0,0,alaska
1291416517033172992,0,0,0,0,alaska
1291026851561787395,1,0,0,0,alaska
1286210818363727872,1,0,0,0,alaska
1286210630764998657,1,0,0,0,alaska
1280569265398013952,0,0,0,0,alaska
1280376241405583362,0,0,0,0,alaska
1276341424816971776,0,0,0,0,alaska
1273760045855993857,0,0,0,0,alaska
1311503415646666758,0,1,0,0,alaska
1311502834244886529,0,0,0,0,alaska
1311501726206185473,0,0,0,0,alaska
1311499941185896449,0,0,0,0,alaska
1311496085337042945,1,1,0,0,alaska
1311117894667829248,1,0,1,0,alaska
1311026746175578113,0,0,0,0,alaska
1310013491592396800,0,0,0,0,alaska
1305650737871949824,0,0,0,0,alaska
1302442487785504769,0,0,0,0,alaska
1302441832333230080,1,0,0,0,alaska
1301941142401941504,0,0,0,0,alaska
1297312427638325249,0,0,0,0,alaska
1295803967708909573,0,0,0,0,alaska
1295803628393963521,0,0,0,0,alaska
1295801586380283904,0,0,0,0,alaska
1294836405818990595,1,0,0,0,alaska
1293273548216086528,0,0,0,0,alaska
1291142787044216832,0,0,0,0,alaska
1291141706717335552,0,0,0,0,alaska
1291141162426720256,0,0,0,0,alaska
1287303628693188608,0,0,0,0,alaska
1284674823726088192,0,0,0,0,alaska
1284231355321028609,1,0,0,0,alaska
1283711533524987904,0,0,0,0,alaska
1283629961027485696,0,0,0,0,alaska
1283560367436660736,0,1,0,0,alaska
1283558612061708289,0,0,0,0,alaska
1283539388509548546,0,1,0,0,alaska
1283538003143475200,0,0,0,0,alaska
1283511976765710336,0,0,0,0,alaska
1283508679514320896,1,0,1,0,alaska
1283499427215204353,0,0,0,0,alaska
1283499140324790273,0,0,0,0,alaska
1271035024452747267,0,0,0,0,alaska
1268971791420030976,0,0,0,0,alaska
1268969652492746753,0,0,0,0,alaska
1268964907187236864,0,0,0,0,alaska
1266486483340296192,0,0,0,0,alaska
1266116008592326657,0,0,0,0,alaska
1263483004107644928,0,0,0,0,alaska
1263370863052644352,0,0,0,0,alaska
1262820387278053376,0,0,0,0,alaska
1262560124477947904,0,0,0,0,alaska
1262475416469516288,0,0,0,0,alaska
1261685454094516225,0,0,0,0,alaska
1261487208642473984,0,0,0,0,alaska
1258976304415731713,0,0,0,0,alaska
1258655836215246848,1,0,0,0,alaska
1257702064446005249,0,0,0,0,alaska
1257122720401113089,0,0,0,0,alaska
1257060197077585920,0,0,0,0,alaska
1256988504392822784,0,0,0,0,alaska
1256856404268220416,0,0,0,0,alaska
1256853946213076992,0,0,0,0,alaska
1253713208562475008,0,0,0,0,alaska
1253705083893641216,0,0,0,0,alaska
1253704810483740675,0,0,0,0,alaska
1253703917461893120,0,1,0,0,alaska
1251558077083447296,0,0,0,1,alaska
1250930448168935424,0,0,0,1,alaska
1250863390915833856,0,0,0,1,alaska
1250862923058036736,0,0,0,1,alaska
1250860309301981184,0,0,0,1,alaska
1250839322028199937,0,0,0,1,alaska
1250566971097116675,0,1,0,1,alaska
1250566547061436416,0,0,0,1,alaska
1250486900810366976,0,0,0,1,alaska
1250484417346199552,0,0,0,1,alaska
1250478800795619328,0,0,0,1,alaska
1250470863293440000,0,0,0,1,alaska
1250470629251272706,0,0,0,1,alaska
1250470103373598720,0,0,0,1,alaska
1249877359743733761,0,0,0,1,alaska
1249871160436649985,0,0,0,1,alaska
1249852990627823616,1,0,0,1,alaska
1249849724212924416,0,0,0,1,alaska
1249849318200115200,0,0,0,1,alaska
1249751336607866881,0,0,0,1,alaska
1249484983288229889,0,0,0,1,alaska
1249125220440473601,0,0,0,1,alaska
1249114700001890305,0,0,0,1,alaska
1248887562246086656,0,0,0,1,alaska
1248734098035638272,0,0,0,1,alaska
1248023417061703682,0,0,0,1,alaska
1248006075606921217,0,0,0,1,alaska
1247234387940216832,0,0,0,1,alaska
1247195848909316101,0,0,0,1,alaska
1247055112486313985,0,0,0,1,alaska
1246581246265716737,0,0,0,1,alaska
1246504237363638272,0,0,0,1,alaska
1246299883826380800,0,0,0,1,alaska
1246286860680224770,0,0,0,1,alaska
1246136590566486016,0,0,0,1,alaska
1246132194260615169,0,0,0,1,alaska
1245164388425715713,0,0,0,1,alaska
1311356799119888391,1,0,0,0,alaska
1311354577816489985,0,0,0,0,alaska
1311023559838281728,0,0,0,0,alaska
1310991413799088128,0,0,0,0,alaska
1310702221399523328,1,0,0,0,alaska
1310383740640612352,0,0,0,0,alaska
1310255681132396546,0,0,0,0,alaska
1310255269163622406,0,0,0,0,alaska
1308938126270836736,0,0,0,0,alaska
1308937501080457216,1,1,1,0,alaska
1308937049374826496,0,0,0,0,alaska
1308936725343862784,0,0,0,0,alaska
1308936547002187777,0,0,0,0,alaska
1308898939710603265,0,0,0,0,alaska
1308843521466683392,0,0,0,0,alaska
1308589670121369601,0,0,0,0,alaska
1307575008122683395,0,0,0,0,alaska
1307559571695628289,1,0,0,0,alaska
1307037064538525696,1,1,1,0,alaska
1305718491039768576,0,0,0,0,alaska
1305627844039421952,0,0,0,0,alaska
1305601219327451137,0,0,0,0,alaska
1305509977503612928,0,0,0,0,alaska
1305344922015289344,0,0,0,0,alaska
1305248639489515520,0,0,0,0,alaska
1303847719509786625,1,1,0,0,alaska
1303753283866034176,1,1,1,0,alaska
1303750705556017152,1,0,0,0,alaska
1303003720242720768,0,0,0,0,alaska
1302695851249135616,1,1,1,0,alaska
1302046205019525120,0,0,0,0,alaska
1302026463554621440,0,0,0,0,alaska
1301010532468551680,0,0,0,0,alaska
1301009213963948032,1,1,0,0,alaska
1300509385009983488,1,0,0,0,alaska
1300227791636426752,1,1,1,0,alaska
1300223517124747264,1,1,1,0,alaska
1300223251075923969,1,1,0,0,alaska
1300222774296813569,0,0,0,0,alaska
1300109239646527488,0,0,0,0,alaska
1299378994479902720,1,0,0,0,alaska
1298810605604806656,1,0,0,0,alaska
1296531658854641664,0,0,0,0,alaska
1295800532838178816,0,0,0,0,alaska
1295455301034885120,0,0,0,0,alaska
1293198407452876802,0,0,0,0,alaska
1293197109907189760,0,0,0,0,alaska
1290395314076016641,0,0,0,0,alaska
1289038099700420608,0,0,0,0,alaska
1289036560604815362,1,1,1,0,alaska
1289036012195381249,0,0,0,0,alaska
1288518878570700801,0,0,0,0,alaska
1287560617625358336,0,0,0,0,alaska
1287549650501873664,0,0,0,0,alaska
1287355362564341761,1,1,0,0,alaska
1286990645899546624,0,0,0,0,alaska
1286862514995834881,0,0,0,0,alaska
1286781485043847169,0,0,0,0,alaska
1286668694421209088,0,0,0,0,alaska
1286667505013002241,1,1,1,0,alaska
1285965010666246146,1,1,1,0,alaska
1285598890448900097,0,0,0,0,alaska
1285013744687480834,0,0,0,0,alaska
1284845489607913472,0,1,0,0,alaska
1284675968783790080,0,0,0,0,alaska
1284194470515400704,0,0,0,0,alaska
1283317661980594179,0,0,0,0,alaska
1283317344840941569,0,1,0,0,alaska
1283200298396393473,0,0,0,0,alaska
1283131197191852033,1,1,1,0,alaska
1283109921953906688,0,0,0,0,alaska
1282997757679214593,1,1,0,0,alaska
1279132276387917824,0,0,0,0,alaska
1278770914000277505,1,0,0,0,alaska
1278699208057421825,0,0,0,0,alaska
1278039578063114240,1,1,1,0,alaska
1277286523868676096,0,0,0,0,alaska
1277014274779631617,1,1,1,0,alaska
1275463984510955520,0,0,0,0,alaska
1275270099482677254,0,0,0,0,alaska
1275262938857816065,1,1,1,0,alaska
1275234930579161088,0,0,0,0,alaska
1274140879389892608,1,1,0,0,alaska
1274075760563716102,0,0,0,0,alaska
1273669875890864129,1,0,0,0,alaska
1273637536766795776,1,1,1,0,alaska
1273289206354382849,0,0,0,0,alaska
1272970267464273925,0,0,0,0,alaska
1272966442909081600,1,1,0,0,alaska
1272346005493690368,0,0,0,0,alaska
1271867321976598528,0,0,0,0,alaska
1271846795254157312,0,0,0,0,alaska
1271518457071370240,0,0,0,0,alaska
1271282720640061440,0,0,0,0,alaska
1271269203442614272,0,0,0,0,alaska
1271112967636094976,0,0,0,0,alaska
1271077293750980608,0,0,0,0,alaska
1270809899212079104,0,0,0,0,alaska
1270150418325213185,0,0,0,0,alaska
1269739684189605889,0,0,0,0,alaska
1269040642539356161,1,0,0,0,alaska
1269030997552779264,1,1,1,0,alaska
1268943690107629570,0,0,0,0,alaska
1268748780888866816,0,0,0,0,alaska
1268702102622216193,0,0,0,0,alaska
1268194062714261504,0,0,0,0,alaska
1266161415372648451,0,0,0,0,alaska
1265852637490098178,1,0,0,0,alaska
1264354024796622851,0,0,0,0,alaska
1264173757729554435,0,0,0,0,alaska
1263224794021011458,0,0,0,0,alaska
1263174209695551489,1,0,1,0,alaska
1263161090583732225,0,0,0,0,alaska
1262884298526535680,1,1,0,0,alaska
1262843959790964737,0,0,0,0,alaska
1262789528374427649,1,1,0,0,alaska
1262745925635604481,0,0,0,0,alaska
1262419200850776067,1,1,1,0,alaska
1262213500560125952,0,0,1,0,alaska
1261780752766767105,0,0,0,0,alaska
1261494990791938049,0,0,0,0,alaska
1261352711691350017,0,0,0,0,alaska
1260734490856562694,0,0,0,0,alaska
1260409706469867522,1,1,0,0,alaska
1260240302692065281,1,0,0,0,alaska
1258789148221194247,0,1,0,0,alaska
1258477035091120134,1,0,0,0,alaska
1258467626541617152,1,1,1,0,alaska
1258413610553966592,0,0,0,0,alaska
1258071399391952899,0,0,0,0,alaska
1256639752637464578,0,0,0,0,alaska
1256631973919043585,1,1,0,0,alaska
1256631240842674177,1,1,0,0,alaska
1255222220298870785,1,1,0,0,alaska
1255205171442987014,1,0,0,0,alaska
1254894658351759362,0,0,0,0,alaska
1254807005203750913,0,0,0,0,alaska
1254048834549878784,1,1,1,0,alaska
1253259545813618690,1,1,1,0,alaska
1251549783359213569,0,0,0,1,alaska
1250624059148242949,1,0,0,1,alaska
1250580544368320512,0,0,0,1,alaska
1250450700749996032,1,1,0,1,alaska
1249146067049996289,0,0,0,1,alaska
1248945421004742656,0,0,0,1,alaska
1248774313743876097,0,0,0,1,alaska
1248031145700274177,1,1,1,1,alaska
1248030240036839430,0,0,0,1,alaska
1248029647125839874,0,0,0,1,alaska
1247874262708498433,1,0,1,1,alaska
1247531418718064640,0,1,0,1,alaska
1246231017129750528,0,0,1,1,alaska
1245748430112251909,1,1,0,1,alaska
1245747850937536512,1,1,0,1,alaska
1245746462140530690,0,0,0,1,alaska
1245722914676244481,1,1,1,1,alaska
1245538020461346816,0,0,0,1,alaska
1245380269990916096,0,0,0,1,alaska
1245380204178149377,0,0,0,1,alaska
1308532815017865216,0,0,0,0,alaska
1308529889880846337,0,0,0,0,alaska
1308527775800729600,0,0,0,0,alaska
1308501850799271936,0,0,0,0,alaska
1308501434388811776,1,1,1,0,alaska
1308501136588943360,0,0,0,0,alaska
1299838655205437440,1,1,1,0,alaska
1299659636249772034,0,0,0,0,alaska
1299636240204075010,1,1,1,0,alaska
1297819803608965121,1,0,0,0,alaska
1297310833391702017,1,1,1,0,alaska
1297304256043597824,1,0,0,0,alaska
1297304015806464000,1,0,0,0,alaska
1295805700338114563,1,1,1,0,alaska
1295798942815236097,0,0,0,0,alaska
1295127743965753344,0,0,0,0,alaska
1294552823187660800,0,0,0,0,alaska
1294552549433856000,1,0,0,0,alaska
1293758821286936576,1,0,0,0,alaska
1292974473172275202,1,0,0,0,alaska
1292231282907164673,1,0,0,0,alaska
1292054914789588993,0,0,0,0,alaska
1291865123230044165,0,0,0,0,alaska
1291864978220371968,1,1,1,0,alaska
1291864864944795653,0,0,0,0,alaska
1290472647189553158,0,0,0,0,alaska
1290472406159589377,0,0,0,0,alaska
1289947826303066115,1,0,0,0,alaska
1287670398906236928,1,1,0,0,alaska
1287668899199287296,0,0,0,0,alaska
1287668509120569345,1,1,0,0,alaska
1287668199409025025,1,1,1,0,alaska
1287667957431140354,1,1,0,0,alaska
1286613082274443264,1,1,1,0,alaska
1286612744184242177,0,0,0,0,alaska
1286610102796025857,0,0,0,0,alaska
1286588615305428992,0,0,0,0,alaska
1286586590693859328,0,0,0,0,alaska
1286585258419335169,0,0,0,0,alaska
1286584528018997251,0,0,0,0,alaska
1286581654895591426,0,0,0,0,alaska
1286581307049484288,0,0,0,0,alaska
1284453274737926144,1,1,1,0,alaska
1284428315449843712,0,0,0,0,alaska
1283696807579615232,0,0,0,0,alaska
1283694789779689472,0,0,0,0,alaska
1282936767134523392,0,0,0,0,alaska
1279358917391216642,0,0,0,0,alaska
1279349827608776705,0,0,0,0,alaska
1279348124390002688,1,0,0,0,alaska
1279347266621329408,0,0,0,0,alaska
1274198912522305540,0,0,0,0,alaska
1250460727728459777,0,0,0,1,alaska
1249352603252604928,0,0,0,1,alaska
1249350420733935616,0,0,0,1,alaska
1246289143425949696,0,0,0,1,alaska
1246157448181768193,0,0,0,1,alaska
1246157080244805632,0,0,0,1,alaska
1311484449243103233,0,0,0,0,alaska
1311483455197175808,0,0,0,0,alaska
1311482427861135360,0,0,0,0,alaska
1311156681783427075,0,0,0,0,alaska
1310786562204905474,0,0,0,0,alaska
1310776786926493697,0,0,0,0,alaska
1309963751009861632,0,0,0,0,alaska
1308956941301866496,0,0,0,0,alaska
1308271919087534080,0,0,0,0,alaska
1308253989348098048,1,0,0,0,alaska
1308252834782048261,0,0,0,0,alaska
1308251654878158849,0,0,0,0,alaska
1308251087065948161,0,0,0,0,alaska
1308250492615626752,0,0,0,0,alaska
1307740859182456832,0,0,0,0,alaska
1307482755790331904,0,0,0,0,alaska
1307481516734214144,0,0,0,0,alaska
1307108808943116288,0,1,0,0,alaska
1306450791180283904,0,0,0,0,alaska
1305738557353385985,0,0,0,0,alaska
1305633001208868865,0,0,0,0,alaska
1303936895982813185,0,0,0,0,alaska
1303712577197756416,0,0,0,0,alaska
1302665423574294529,0,0,0,0,alaska
1300651567696109568,0,0,0,0,alaska
1300651352528363520,0,0,0,0,alaska
1300258999791620098,0,0,0,0,alaska
1300176828166938624,0,0,0,0,alaska
1300176708402733057,0,0,0,0,alaska
1300152023761866753,0,0,0,0,alaska
1299737077009936385,0,0,0,0,alaska
1297739561779359745,0,0,0,0,alaska
1294321841616457728,0,0,0,0,alaska
1294321650104537088,0,0,0,0,alaska
1294321197719547904,0,0,0,0,alaska
1293937812006346752,1,0,0,0,alaska
1293933830793883649,0,0,0,0,alaska
1293597959892787200,0,0,0,0,alaska
1293305858168766467,0,0,0,0,alaska
1293045497871994880,0,0,0,0,alaska
1293012661135749128,1,0,0,0,alaska
1292922893995630592,0,0,0,0,alaska
1291625618434437126,0,0,0,0,alaska
1288159479368826880,0,0,0,0,alaska
1286111817798840320,0,0,0,0,alaska
1285981255549415424,0,0,0,0,alaska
1284556028428738562,1,1,0,0,alaska
1282149518624952321,1,0,0,0,alaska
1278899050679431169,0,0,0,0,alaska
1278832926101139457,0,0,0,0,alaska
1278831228918001665,0,0,0,0,alaska
1278495940664414210,0,0,0,0,alaska
1277837902471262209,0,0,0,0,alaska
1277837751757357056,0,0,0,0,alaska
1277424929172934656,0,0,0,0,alaska
1275296768750612480,0,0,0,0,alaska
1275280481865457669,0,0,0,0,alaska
1275280219448807424,0,0,0,0,alaska
1275280038724689920,0,0,0,0,alaska
1270597668306186240,0,0,0,0,alaska
1270596873271734272,1,0,0,0,alaska
1266022443820265473,0,0,0,0,alaska
1264351299480371201,0,0,0,0,alaska
1264351131452477441,0,0,0,0,alaska
1264267710008971265,0,0,0,0,alaska
1263663509683834881,0,0,0,0,alaska
1263653935744577536,1,0,0,0,alaska
1262511612587458560,0,0,0,0,alaska
1262202589556305920,1,0,0,0,alaska
1261833183277879296,0,0,0,0,alaska
1261763797192073217,0,0,0,0,alaska
1261740732970229760,0,0,0,0,alaska
1260788692521611265,0,0,0,0,alaska
1259871114441842693,0,0,0,0,alaska
1258938797347098624,0,0,0,0,alaska
1258472967211675648,0,1,0,0,alaska
1257338566235033600,0,0,0,0,alaska
1257335889237291013,0,0,0,0,alaska
1256461965829869568,0,0,0,0,alaska
1256354413741924353,0,0,0,0,alaska
1255895892294393857,0,0,0,0,alaska
1254262668476641282,0,0,0,0,alaska
1254207010108657665,0,0,0,0,alaska
1254163535501733888,0,0,0,0,alaska
1253745811558551552,0,0,0,0,alaska
1250817540869074945,0,0,0,1,alaska
1250456678538940417,0,0,0,1,alaska
1249895698041933824,0,0,0,1,alaska
1248432529993895936,0,0,0,1,alaska
1248431592671825922,0,0,0,1,alaska
1247613187479883776,0,0,0,1,alaska
1247283052012654592,0,0,0,1,alaska
1246944719659130882,0,0,0,1,alaska
1246942021199118338,1,0,0,1,alaska
1246203971267694594,0,0,0,1,alaska
1245412589078638592,0,0,0,1,alaska
1245395091994185729,1,0,0,1,alaska
1304141688676347904,1,0,0,0,alaska
1296851013341573121,0,0,0,0,alaska
1296849158066720769,0,0,0,0,alaska
1296809675380240385,0,0,0,0,alaska
1296439021208510467,1,0,0,0,alaska
1296215938690215936,0,0,0,0,alaska
1296209661087997953,0,0,0,0,alaska
1296208234563252224,1,0,0,0,alaska
1296205425503637505,1,0,0,0,alaska
1311366489115557888,0,0,0,0,alaska
1307821343602143233,0,0,0,0,alaska
1304185398516543488,1,0,0,0,alaska
1304180090343886848,0,0,0,0,alaska
1304179653448314880,1,0,0,0,alaska
1302319819283263489,0,0,0,0,alaska
1301909125836623872,0,0,0,0,alaska
1301193365015285760,0,0,0,0,alaska
1300840483204161537,1,0,0,0,alaska
1300622656971010048,0,0,0,0,alaska
1300575098672312320,0,0,0,0,alaska
1300573419419832320,0,0,0,0,alaska
1299739791659921410,0,0,0,0,alaska
1296897518425370625,0,0,0,0,alaska
1296865728272859141,0,0,0,0,alaska
1296575542355927040,0,0,0,0,alaska
1289771816286711813,0,0,0,0,alaska
1288696648852484102,0,0,0,0,alaska
1287940375613562880,0,0,0,0,alaska
1286717785167425536,0,0,0,0,alaska
1286717538454315012,0,0,0,0,alaska
1283870990783574016,0,0,0,0,alaska
1283868976724930564,0,0,0,0,alaska
1283792736777199617,0,0,0,0,alaska
1277729858785644549,0,0,0,0,alaska
1274745397634691072,0,0,0,0,alaska
1270885317843664897,0,0,0,0,alaska
1270855358186057730,0,0,0,0,alaska
1269352302789287936,0,0,0,0,alaska
1269351192892600320,0,0,0,0,alaska
1265765048405745665,0,0,0,0,alaska
1262899616963538945,0,0,0,0,alaska
1261766374122119169,0,0,0,0,alaska
1261312832957603841,0,0,0,0,alaska
1259986533160902656,0,0,0,0,alaska
1259970500475752449,0,0,0,0,alaska
1259876342151045122,0,0,0,0,alaska
1258782228709957632,0,0,0,0,alaska
1258777997856956424,0,0,0,0,alaska
1258084355320102913,0,0,0,0,alaska
1256819342143926275,0,1,0,0,alaska
1253728938041339904,0,0,0,0,alaska
1253142693057720321,0,0,0,0,alaska
1252255588139986946,0,0,0,1,alaska
1250871070451630080,0,0,0,1,alaska
1250275923238117380,0,0,0,1,alaska
1247642237816549377,0,0,0,1,alaska
1247555480978747393,0,0,0,1,alaska
1246841764368936960,0,0,0,1,alaska
1246840029797740544,0,0,0,1,alaska
1246108176526630912,0,0,0,1,alaska
1311417546763952128,1,1,1,0,alaska
1311021165498961921,1,1,0,0,alaska
1311020820924309505,1,0,0,0,alaska
1310820888879616001,0,0,0,0,alaska
1310820084554760197,0,0,0,0,alaska
1310797778860220422,0,0,0,0,alaska
1310796960689827840,1,1,0,0,alaska
1310461536415096833,0,0,0,0,alaska
1310299066627055616,0,0,0,0,alaska
1310298625721790464,0,0,0,0,alaska
1310283955464151040,0,0,0,0,alaska
1310283677469876224,1,0,0,0,alaska
1310283241077628929,0,0,0,0,alaska
1310282942497783808,1,0,0,0,alaska
1309716518528196609,1,0,0,0,alaska
1309716167494307841,0,0,0,0,alaska
1309186312579162113,1,0,1,0,alaska
1309186137152462849,0,0,0,0,alaska
1308500501902667776,0,1,1,0,alaska
1308215466217750528,1,1,1,0,alaska
1308215107764117504,0,0,0,0,alaska
1308215008329777153,0,0,0,0,alaska
1308214651600027648,1,0,0,0,alaska
1308214400579325954,1,1,0,0,alaska
1308214243561369603,1,0,0,0,alaska
1308213969354502144,1,0,0,0,alaska
1308213527891587072,1,0,1,0,alaska
1308213055587717121,1,0,0,0,alaska
1308212456917856256,1,0,1,0,alaska
1308211971469107202,1,0,0,0,alaska
1308201997598822400,0,0,0,0,alaska
1308201689929801728,1,1,0,0,alaska
1308201033047314433,1,1,0,0,alaska
1308200364731019264,1,0,0,0,alaska
1308199557667274752,1,0,0,0,alaska
1308183387870433281,0,0,0,0,alaska
1307802926010703878,0,0,0,0,alaska
1307802148046995457,0,0,0,0,alaska
1307784866948243458,1,0,1,0,alaska
1307783795790159872,0,0,0,0,alaska
1307782707036872704,0,0,0,0,alaska
1307415845677576192,1,0,0,0,alaska
1306798772731572225,0,0,0,0,alaska
1306798227836948480,0,0,0,0,alaska
1306707993631707137,1,0,0,0,alaska
1306688213017219077,0,0,0,0,alaska
1306687143494840320,0,0,0,0,alaska
1306419019440775169,0,0,0,0,alaska
1306418536944812032,1,0,0,0,alaska
1306414540377079808,1,0,0,0,alaska
1306102144001478656,1,0,0,0,alaska
1306100140785033216,1,0,0,0,alaska
1306098237581832192,1,1,1,0,alaska
1306097954726395905,1,1,0,0,alaska
1306096909895966723,1,1,0,0,alaska
1306096028576174081,1,0,0,0,alaska
1306095269012893696,1,1,0,0,alaska
1304957654989590528,1,0,0,0,alaska
1304956242775826432,0,0,0,0,alaska
1304955775148720134,0,1,0,0,alaska
1304294088892583936,1,1,1,0,alaska
1303919780198400002,1,0,0,0,alaska
1303578772696752129,1,0,0,0,alaska
1303577985627295746,1,0,0,0,alaska
1303403701315407872,1,0,0,0,alaska
1302663198609305600,1,0,0,0,alaska
1302662524270030848,1,0,0,0,alaska
1302661487991771137,1,1,0,0,alaska
1302660977217863680,1,1,0,0,alaska
1302660753023934464,0,0,0,0,alaska
1302660561491042305,1,0,0,0,alaska
1302659686886289410,1,0,0,0,alaska
1302293171787849728,0,0,0,0,alaska
1302292558270271488,1,0,0,0,alaska
1301717840869822464,1,0,0,0,alaska
1301717387608088577,1,1,0,0,alaska
1301716951308201985,1,1,0,0,alaska
1301569460608708609,1,0,0,0,alaska
1301312515482112000,1,0,0,0,alaska
1301311737375764482,1,0,0,0,alaska
1300487222638997505,0,0,0,0,alaska
1300471242361692160,1,0,0,0,alaska
1300470390850904064,1,1,0,0,alaska
1299904954082103296,1,0,0,0,alaska
1299904741007212544,1,0,0,0,alaska
1299904657561513984,1,0,0,0,alaska
1299904427478851585,1,0,0,0,alaska
1299903571660386305,1,0,0,0,alaska
1299903276838563840,0,0,0,0,alaska
1299901941418397696,0,0,0,0,alaska
1299901386205745153,1,1,0,0,alaska
1299901090926714880,0,0,0,0,alaska
1299900598548979714,1,0,1,0,alaska
1299899719225802753,0,0,0,0,alaska
1299896822408704000,0,0,0,0,alaska
1299830788653871105,1,0,0,0,alaska
1299830437091573760,1,1,0,0,alaska
1299829825721364480,1,0,0,0,alaska
1299393015962689543,1,1,0,0,alaska
1299392246874169344,0,0,0,0,alaska
1299391652595863552,1,0,0,0,alaska
1299390584671465472,1,0,1,0,alaska
1299388600144986113,1,0,0,0,alaska
1299387620145782790,0,0,0,0,alaska
1299386832254246912,1,0,0,0,alaska
1298096840030601218,1,1,0,0,alaska
1295235657959272448,1,0,0,0,alaska
1294720395338080256,1,1,0,0,alaska
1294532868182380545,1,0,0,0,alaska
1294532308309958656,0,0,0,0,alaska
1294176373808852992,1,1,0,0,alaska
1293424691084816384,1,1,0,0,alaska
1293300707949293570,0,0,0,0,alaska
1293297850923675649,1,0,1,0,alaska
1293071133512622081,1,1,0,0,alaska
1292997642696310784,0,0,0,0,alaska
1292886533934944256,1,0,0,0,alaska
1292885068269068288,0,0,0,0,alaska
1292503338404048896,0,0,0,0,alaska
1292497384153337862,1,0,0,0,alaska
1292494883823816710,0,0,0,0,alaska
1291781383656939520,1,0,0,0,alaska
1291562561121316864,0,0,0,0,alaska
1291559607274360832,1,0,0,0,alaska
1291559071703687168,0,0,0,0,alaska
1291470205151977472,1,1,1,0,alaska
1291076569633497088,0,0,0,0,alaska
1291076248932777985,1,0,0,0,alaska
1291075611528552448,1,0,0,0,alaska
1291074885104439297,1,0,0,0,alaska
1290156999154401281,1,1,1,0,alaska
1289418945070428160,0,0,0,0,alaska
1289418758239313920,0,0,0,0,alaska
1289418494291767296,0,0,0,0,alaska
1287495894137331712,0,0,0,0,alaska
1287495706375147520,0,0,0,0,alaska
1287495552087650304,1,0,0,0,alaska
1287495433460187136,0,0,1,0,alaska
1287489062979297280,1,0,0,0,alaska
1287488126307282944,0,0,0,0,alaska
1287487583400861696,0,0,0,0,alaska
1286871923922616321,1,1,0,0,alaska
1286744768010055682,1,0,0,0,alaska
1285978515414777856,0,1,0,0,alaska
1285830709978951680,0,0,0,0,alaska
1285830296038895618,1,0,0,0,alaska
1285830006950604802,1,1,0,0,alaska
1285829741845442560,1,0,0,0,alaska
1285829428044394499,1,1,0,0,alaska
1285828770050400256,0,1,0,0,alaska
1285828320802701312,1,1,0,0,alaska
1285437794567913472,0,1,1,0,alaska
1284290891989962753,1,0,0,0,alaska
1284136697576316930,1,1,0,0,alaska
1283945050469101568,1,0,0,0,alaska
1283944755513053184,0,0,0,0,alaska
1283769513721225216,0,1,1,0,alaska
1283642917140041729,0,0,0,0,alaska
1282527488480968705,0,0,0,0,alaska
1282328773677875200,1,1,0,0,alaska
1282327820966825986,1,0,0,0,alaska
1282327067934089216,1,1,0,0,alaska
1282326815944568832,1,0,0,0,alaska
1282326040472256512,1,0,0,0,alaska
1282325429236318216,1,0,0,0,alaska
1282325104811077632,0,0,0,0,alaska
1282166665522761728,1,0,0,0,alaska
1281259100953665538,0,0,0,0,alaska
1281254204623843329,1,0,0,0,alaska
1281253416178561024,1,0,0,0,alaska
1281253193586888706,1,0,0,0,alaska
1280721945751740417,0,0,0,0,alaska
1280721593589624832,0,1,0,0,alaska
1280351093352878081,0,0,0,0,alaska
1280013283248893952,0,0,0,0,alaska
1279863965133111296,1,0,0,0,alaska
1279863124045135872,0,0,0,0,alaska
1279862178628030464,0,0,0,0,alaska
1279857144272089088,0,0,0,0,alaska
1279856503600504832,0,0,0,0,alaska
1279855479577956352,0,0,0,0,alaska
1279840477504606208,0,0,0,0,alaska
1279840042236514304,1,0,1,0,alaska
1279456310526799872,0,0,0,0,alaska
1279455529174089728,1,0,0,0,alaska
1279250134476316672,1,0,1,0,alaska
1279248992904208386,1,1,1,0,alaska
1279248576552419329,1,1,1,0,alaska
1279248096564633600,1,0,0,0,alaska
1279247393926479873,1,0,0,0,alaska
1278700979588788226,0,0,0,0,alaska
1278558715310833664,0,1,0,0,alaska
1277988739529113600,1,0,0,0,alaska
1277988001084092417,1,0,0,0,alaska
1307130174983602176,0,0,0,0,alaska
1311363171307991040,0,0,0,0,alaska
1311048771615293442,0,0,0,0,alaska
1311048770478575616,0,0,0,0,alaska
1311048769421664257,0,0,0,0,alaska
1311048768360415233,0,0,0,0,alaska
1311048765659402240,0,0,0,0,alaska
1310654550697807872,0,0,0,0,alaska
1310654549758291970,0,0,0,0,alaska
1310654547531051008,0,0,0,0,alaska
1308443982565969924,0,0,0,0,alaska
1308443981538357252,0,0,0,0,alaska
1308443980032598019,0,0,0,0,alaska
1308443977696374784,0,0,0,0,alaska
1308218537085984768,0,0,0,0,alaska
1308218536263852034,0,0,0,0,alaska
1308218535500484621,0,0,0,0,alaska
1306996109458452486,0,0,0,0,alaska
1306673079091953664,0,0,0,0,alaska
1306673077934317568,0,1,1,0,alaska
1306673076688617473,1,0,0,0,alaska
1306673075388403715,0,0,0,0,alaska
1306673073308000257,0,0,0,0,alaska
1305965704479494146,0,0,0,0,alaska
1305965703225323521,0,0,0,0,alaska
1305965701807697928,0,0,0,0,alaska
1305965698963955712,0,0,0,0,alaska
1304447806191677440,0,0,0,0,alaska
1304447805155610624,0,0,0,0,alaska
1304447803670900736,0,0,0,0,alaska
1304138989100847104,0,0,0,0,alaska
1304138987704070149,0,0,0,0,alaska
1303718962623115271,0,0,0,0,alaska
1300941477313499136,0,0,0,0,alaska
1300941476545916931,1,0,0,0,alaska
1300941475711201281,1,1,1,0,alaska
1300941473853120515,1,0,0,0,alaska
1300209821665431552,0,0,0,0,alaska
1300209820868509703,0,0,0,0,alaska
1300209820038029312,0,0,0,0,alaska
1300209819207577600,0,0,0,0,alaska
1300209818326753280,0,0,0,0,alaska
1300209815122317317,0,0,0,0,alaska
1299733185417424903,0,0,0,0,alaska
1299008730982486025,0,0,0,0,alaska
1299008729938100227,0,0,0,0,alaska
1299008728826556416,1,0,1,0,alaska
1299008727773839362,0,0,0,0,alaska
1299008726641381376,0,0,0,0,alaska
1299008725420855298,0,0,0,0,alaska
1299008721213890560,1,0,0,0,alaska
1298776922646892544,0,0,0,0,alaska
1298656892596686851,0,0,0,0,alaska
1297311252499267586,0,0,0,0,alaska
1296916557839446016,0,0,0,0,alaska
1296483474459721736,0,0,0,0,alaska
1295408397232349184,0,0,0,0,alaska
1295408396015935490,0,0,0,0,alaska
1295408394799591424,0,0,0,0,alaska
1295408391909781505,0,0,0,0,alaska
1294404107466346499,0,0,0,0,alaska
1294404106447204353,0,0,0,0,alaska
1294404103188221958,0,0,0,0,alaska
1293297039686668288,0,0,0,0,alaska
1293297038721978369,0,0,0,0,alaska
1293297036217982977,0,0,0,0,alaska
1293009601126948866,0,0,0,0,alaska
1293009598417428481,0,0,0,0,alaska
1292881961460146177,0,0,0,0,alaska
1291467447934029828,0,0,0,0,alaska
1291467447053287430,1,0,0,0,alaska
1291467446109507586,0,0,0,0,alaska
1291467445123846154,0,0,0,0,alaska
1291467444117286914,0,0,0,0,alaska
1291053613167579137,0,0,0,0,alaska
1290389918058008577,0,0,0,0,alaska
1290389915990208513,0,0,0,0,alaska
1288953208447086594,0,0,0,0,alaska
1288120953608605707,0,0,0,0,alaska
1287814230989668352,0,0,0,0,alaska
1286666738642432002,0,0,0,0,alaska
1286660508842708992,0,0,0,0,alaska
1286081088742285312,0,0,0,0,alaska
1286059118894231555,0,0,0,0,alaska
1285725447205134339,0,0,0,0,alaska
1285725446387179523,0,0,0,0,alaska
1285725445548314626,0,0,0,0,alaska
1285725444113870850,0,0,0,0,alaska
1285355318977818624,0,0,0,0,alaska
1284516197195808773,0,0,0,0,alaska
1284516196478574595,0,0,0,0,alaska
1284516191663529985,0,0,0,0,alaska
1284162877797150721,0,0,0,0,alaska
1283875576646979584,0,0,0,0,alaska
1283875572137984000,0,0,0,0,alaska
1283498967964233737,0,0,0,0,alaska
1283155424620023816,0,0,0,0,alaska
1283155422451556352,0,0,0,0,alaska
1283155412817149953,0,0,0,0,alaska
1281372275678179328,0,0,0,0,alaska
1281372274830917633,0,0,0,0,alaska
1281372273979453441,0,0,0,0,alaska
1281372273220308992,0,0,0,0,alaska
1281372271966162946,0,0,0,0,alaska
1280288896878645248,0,0,0,0,alaska
1279597931645947904,0,0,0,0,alaska
1279597930802864128,0,0,0,0,alaska
1279597928646979584,0,0,0,0,alaska
1279416649007808513,0,0,0,0,alaska
1279088824400793601,0,0,0,0,alaska
1278449940843331585,0,0,0,0,alaska
1278038765349539840,1,0,0,0,alaska
1278010713160777734,0,0,0,0,alaska
1276593362993373191,0,0,0,0,alaska
1276593361982492673,0,0,0,0,alaska
1276593361059819521,0,0,0,0,alaska
1276593360145469441,1,0,0,0,alaska
1276593359256199175,0,0,0,0,alaska
1276593358333411329,1,0,0,0,alaska
1276593357494661120,0,0,0,0,alaska
1276593356731232256,0,0,0,0,alaska
1276593355825258498,1,0,0,0,alaska
1276593354634076164,0,0,0,0,alaska
1276317023925153797,0,0,0,0,alaska
1276317022989750274,0,0,0,0,alaska
1276317022159343617,0,0,0,0,alaska
1276317021261778944,1,0,0,0,alaska
1276317020481564678,1,0,0,0,alaska
1276317019613339654,0,0,0,0,alaska
1276317018854232065,1,0,0,0,alaska
1276317015276478465,0,0,0,0,alaska
1276317014349492224,0,0,0,0,alaska
1276317013376471047,0,0,0,0,alaska
1276317012478832651,0,1,0,0,alaska
1276317011371491335,1,0,0,0,alaska
1276317010486530049,0,0,0,0,alaska
1276317009542885376,0,0,0,0,alaska
1276317008624259074,0,0,0,0,alaska
1276317007693205505,0,0,0,0,alaska
1276317006376120320,1,0,0,0,alaska
1276317005197565952,0,0,0,0,alaska
1275871822131728391,0,0,0,0,alaska
1275485120649220098,0,0,0,0,alaska
1275485119663480833,0,0,0,0,alaska
1275485118770151424,0,0,1,0,alaska
1275485116530331650,0,0,0,0,alaska
1275108162736214017,0,0,0,0,alaska
1274731537230180355,0,0,0,0,alaska
1274343969045037057,0,0,0,0,alaska
1273023309446250497,0,0,0,0,alaska
1273023308611694592,0,0,0,0,alaska
1273023307802128387,0,0,1,0,alaska
1273023306963259393,0,0,0,0,alaska
1273023306208329729,0,0,0,0,alaska
1273023304794812417,0,0,0,0,alaska
1272937231959961602,0,0,0,0,alaska
1272623034466254853,0,0,0,0,alaska
1272225080475635712,0,0,0,0,alaska
1271484240627150849,0,0,0,0,alaska
1271484239205335040,0,0,0,0,alaska
1270484038093021186,0,0,0,0,alaska
1269294265911463940,0,0,0,0,alaska
1268665617739022338,0,0,0,0,alaska
1268665616812163072,0,0,0,0,alaska
1268665615558103040,0,0,0,0,alaska
1268665614610108417,0,0,0,0,alaska
1268218657668300800,0,0,0,0,alaska
1267589412889808897,0,0,0,0,alaska
1266414019621109771,0,0,0,0,alaska
1263897583296155656,0,0,0,0,alaska
1263864152726147075,0,0,0,0,alaska
1261699179899953152,0,0,0,0,alaska
1261332073283026944,0,0,0,0,alaska
1260962140510392321,0,0,0,0,alaska
1260630235978047489,0,0,0,0,alaska
1260281217494237201,1,0,0,0,alaska
1259528492875685889,0,0,0,0,alaska
1258857305094922240,0,0,0,0,alaska
1258814211553181698,1,0,0,0,alaska
1258814210743681027,1,0,0,0,alaska
1258814209837666305,0,0,0,0,alaska
1258794524291276801,0,0,0,0,alaska
1258452503433183233,0,0,0,0,alaska
1258095595132194816,0,0,0,0,alaska
1257774088149491720,0,0,0,0,alaska
1257702736046493701,0,0,0,0,alaska
1257448673694359552,0,0,0,0,alaska
1257448671622332417,0,0,0,0,alaska
1256971166339694593,0,0,0,0,alaska
1256971164980830214,0,0,0,0,alaska
1256971162288033795,0,0,0,0,alaska
1256246234999861250,0,0,0,0,alaska
1256246234236452864,0,0,0,0,alaska
1256246233351557120,0,0,0,0,alaska
1255244917250625541,0,0,0,0,alaska
1255199853925318656,0,0,0,0,alaska
1255199852688035846,0,0,0,0,alaska
1255156551062519809,0,0,0,0,alaska
1255156550425030657,0,0,0,0,alaska
1255156549619720193,0,0,0,0,alaska
1255156547648466945,0,0,0,0,alaska
1254087746592944128,0,0,0,0,alaska
1252695908912967681,0,0,0,1,alaska
1252261933543284736,0,0,0,1,alaska
1252261929269235712,0,0,0,1,alaska
1252261928354951169,1,0,0,1,alaska
1252261927478267904,0,0,0,1,alaska
1252261926605860865,1,0,0,1,alaska
1252261925783777280,0,0,0,1,alaska
1252261923397214208,0,0,0,1,alaska
1251884570028445697,0,0,0,1,alaska
1250881737707728901,1,0,0,1,alaska
1250834893979955208,0,0,0,1,alaska
1250834892201615360,0,0,0,1,alaska
1250543615774011397,0,0,0,1,alaska
1250440133624512517,0,0,0,1,alaska
1250148108220194817,0,0,0,1,alaska
1250148106903130113,0,0,0,1,alaska
1248020441928593408,0,0,0,1,alaska
1247971275697459206,0,0,0,1,alaska
1247905466707062784,0,0,0,1,alaska
1247717828947513345,0,0,0,1,alaska
1247234250165956609,0,0,0,1,alaska
1246116091581075459,0,0,0,1,alaska
1245727901217161217,0,0,0,1,alaska
1245405671996170240,0,0,0,1,alaska
1245058950233567232,0,0,0,1,alaska
1245058948014772230,0,0,0,1,alaska
1299942194799734784,1,0,0,0,alaska
1295827542759227392,0,0,0,0,alaska
1289229416405450752,0,0,0,0,alaska
1278373882387300353,0,0,0,0,alaska
1275886000967802880,0,0,0,0,alaska
1262468717381746688,0,0,0,0,alaska
1261772821111336960,0,0,0,0,alaska
1254920119857250305,0,0,0,0,alaska
1253401536962555904,1,1,0,0,alaska
1253400950456238080,0,0,0,0,alaska
1249038098429702144,0,1,0,1,alaska
1248836214511128576,0,0,0,1,alaska
1248679386766692352,1,0,0,1,alaska
1311143588437385217,0,0,0,0,alaska
1310607336407527430,0,0,0,0,alaska
1294757825881804800,1,0,0,0,alaska
1293655952097501186,0,0,0,0,alaska
1290468363211280385,1,1,1,0,alaska
1287941097512218625,0,0,0,0,alaska
1281068093943566336,1,1,1,0,alaska
1279387409298477057,1,1,0,0,alaska
1276173570171981824,1,1,1,0,alaska
1275928135247237120,0,0,0,0,alaska
1270510005666619396,1,0,0,0,alaska
1255517429234630658,1,0,0,0,alaska
1185335274596757504,0,0,0,0,alaska
1211199772448575488,1,0,0,0,alaska
1211069611212341253,0,0,0,0,alaska
1210710510154346496,1,0,0,0,alaska
1210638629527154688,1,0,0,0,alaska
1210310346839248896,0,0,0,0,alaska
1210299037804449792,0,0,0,0,alaska
1210006519443415041,0,0,0,0,alaska
1209597214227456000,0,0,0,0,alaska
1209531511013199872,0,0,0,0,alaska
1208896689366454274,0,0,0,0,alaska
1208636812903641090,0,0,0,0,alaska
1208566432855773186,0,0,0,0,alaska
1207400640101511169,1,0,0,0,alaska
1207168553243144193,0,0,0,0,alaska
1206755392513925120,1,0,0,0,alaska
1206671151151403008,0,0,0,0,alaska
1206319800546250752,0,0,0,0,alaska
1205621718837952512,0,0,0,0,alaska
1205287974524477440,0,0,0,0,alaska
1205192737886101504,1,1,0,0,alaska
1203047807956897792,1,0,0,0,alaska
1203047408248082432,1,0,0,0,alaska
1202402996061011968,1,0,0,0,alaska
1202004967273271302,0,0,0,0,alaska
1201597943121362945,0,0,0,0,alaska
1200136976860495872,0,0,0,0,alaska
1199818407887028225,0,0,0,0,alaska
1199607973032554496,0,0,0,0,alaska
1199525977539301376,0,0,0,0,alaska
1199525694948155393,0,0,0,0,alaska
1199522357359984640,1,0,0,0,alaska
1199520131048587265,1,0,0,0,alaska
1199519443119824896,1,0,0,0,alaska
1199483521418399744,1,0,0,0,alaska
1199482524872798208,0,0,0,0,alaska
1199481015304982529,0,0,0,0,alaska
1199479491204022272,0,0,0,0,alaska
1199428957772242944,0,0,0,0,alaska
1199403942595088384,0,0,0,0,alaska
1198044885909008385,0,0,0,0,alaska
1197736059955634176,0,0,0,0,alaska
1197650965580546048,0,0,0,0,alaska
1197649867549503488,1,0,0,0,alaska
1197625459028062208,0,0,0,0,alaska
1197329938082222081,0,0,0,0,alaska
1197211615864557568,0,0,0,0,alaska
1197096723107069953,1,0,0,0,alaska
1197096243047960577,0,0,0,0,alaska
1197003250664263680,0,0,0,0,alaska
1196964252566704128,0,0,0,0,alaska
1196959953124151297,0,0,0,0,alaska
1196899180817436672,0,0,0,0,alaska
1196897907737153536,0,0,0,0,alaska
1196895063256657920,0,0,0,0,alaska
1196854111393632257,0,0,0,0,alaska
1196852900447735808,1,0,0,0,alaska
1196851984889872385,0,0,0,0,alaska
1196851396726755328,0,0,0,0,alaska
1195902435144790017,0,0,0,0,alaska
1195835833439272960,1,0,0,0,alaska
1195084706036846592,0,0,0,0,alaska
1195080887290851328,0,0,0,0,alaska
1194461450099539969,0,0,0,0,alaska
1193949666787778563,0,0,0,0,alaska
1191136745636548608,0,0,0,0,alaska
1190459486625918976,0,0,0,0,alaska
1188249015550218241,1,0,0,0,alaska
1185687733802434560,0,0,0,0,alaska
1183355048664817664,0,0,0,0,alaska
1181424412064567296,0,0,0,0,alaska
1180665081186533377,1,0,0,0,alaska
1180325830410399744,0,0,0,0,alaska
1180297925542330368,0,0,0,0,alaska
1180263091126161408,0,1,0,0,alaska
1179975380024745984,1,0,0,0,alaska
1179933368412033024,0,0,0,0,alaska
1179578414380064769,1,0,0,0,alaska
1179434025515016192,0,0,0,0,alaska
1178086916798873602,0,0,0,0,alaska
1177620016352464897,0,0,0,0,alaska
1177428450707009537,1,0,0,0,alaska
1177103288346398723,1,0,0,0,alaska
1176894239545810944,1,0,0,0,alaska
1175202850265165825,0,0,0,0,alaska
1172632381599014912,0,0,0,0,alaska
1172631217562238976,0,1,0,0,alaska
1172017498863984642,0,0,0,0,alaska
1171661841933770752,0,0,0,0,alaska
1171237574528008192,0,0,0,0,alaska
1170924754443726850,0,0,0,0,alaska
1170922923239956482,1,0,0,0,alaska
1168593443137970179,0,0,0,0,alaska
1167988205171298307,0,0,0,0,alaska
1167076828084756482,0,0,0,0,alaska
1166018599791689730,0,0,0,0,alaska
1165509630350393345,0,0,0,0,alaska
1165495748550463488,0,0,0,0,alaska
1164696543598825478,0,0,0,0,alaska
1162331961345466369,0,0,0,0,alaska
1161235543537016832,0,0,0,0,alaska
1161149412283842565,0,0,0,0,alaska
1160430587745673216,0,0,0,0,alaska
1160429672116604928,0,0,0,0,alaska
1160428084551491584,0,0,0,0,alaska
1160427279903678465,0,0,0,0,alaska
1160408408102621184,0,0,0,0,alaska
1160408000768557062,0,0,0,0,alaska
1154808381191806982,0,0,0,0,alaska
1154751736923357184,0,0,0,0,alaska
1153861882014392320,0,0,0,0,alaska
1149753756667408384,0,0,0,0,alaska
1149598264943005696,0,0,0,0,alaska
1149575336570437633,0,0,0,0,alaska
1149554748854427648,0,0,0,0,alaska
1149544447815798785,0,0,0,0,alaska
1148819825931669504,0,0,0,0,alaska
1147752709434429440,0,0,0,0,alaska
1147719544732975104,0,0,0,0,alaska
1146995739790204928,0,0,0,0,alaska
1146787944000176128,0,0,0,0,alaska
1146072942377201664,0,0,0,0,alaska
1146072100693663744,0,0,0,0,alaska
1145941390972481536,0,0,0,0,alaska
1211392678962880514,1,1,1,0,alaska
1208940290960171008,0,0,0,0,alaska
1208883165944778752,1,1,1,0,alaska
1208486572007530497,1,1,1,0,alaska
1208445894271606790,0,0,0,0,alaska
1208432019790876674,1,0,0,0,alaska
1208186136612478976,1,0,1,0,alaska
1207779716985438208,0,0,0,0,alaska
1207704385549152256,0,0,0,0,alaska
1207698657870589952,0,0,0,0,alaska
1206627072518557698,1,0,0,0,alaska
1206626562428284929,0,0,0,0,alaska
1206247877258940422,1,0,0,0,alaska
1205850086447689728,0,0,0,0,alaska
1205679944606666753,1,0,0,0,alaska
1205662611909627904,0,0,0,0,alaska
1205661005633724416,0,0,0,0,alaska
1205553419563544579,0,0,0,0,alaska
1205227840721039362,0,0,0,0,alaska
1204212385969573889,0,0,0,0,alaska
1203384196573671431,0,0,0,0,alaska
1203383165932515328,1,1,1,0,alaska
1203382651614367745,1,0,0,0,alaska
1203045465102651393,1,1,0,0,alaska
1203027173692575746,1,1,0,0,alaska
1202940792899280897,0,0,0,0,alaska
1202937058341380097,0,0,0,0,alaska
1202935235807195136,0,0,0,0,alaska
1202657235643641856,0,0,0,0,alaska
1202608111674105865,0,0,0,0,alaska
1201247236967010315,1,1,1,0,alaska
1200145828494614528,0,0,0,0,alaska
1198008007163961344,0,0,0,0,alaska
1197239446120345601,0,0,0,0,alaska
1197001673840963584,0,0,0,0,alaska
1196884436802924545,1,0,0,0,alaska
1196875245317230594,0,0,0,0,alaska
1196400401278521344,1,1,0,0,alaska
1195166554293444608,1,0,0,0,alaska
1195047712883924992,0,0,0,0,alaska
1195047239514820610,0,0,0,0,alaska
1194757384339623936,0,0,0,0,alaska
1194699325563162624,1,1,0,0,alaska
1193686228530544640,0,0,0,0,alaska
1193199144103555072,1,1,0,0,alaska
1192893646879838211,0,0,0,0,alaska
1192163713576509440,0,0,0,0,alaska
1191924497517027328,1,1,1,0,alaska
1191774971900702720,0,0,0,0,alaska
1191727556556394496,0,0,0,0,alaska
1190854867776131072,1,1,1,0,alaska
1190853981591023616,1,1,1,0,alaska
1190792781020717056,0,0,0,0,alaska
1190747491827900417,0,0,0,0,alaska
1190083313299533825,0,0,0,0,alaska
1189890709551226888,0,0,0,0,alaska
1189717084076478464,0,1,0,0,alaska
1189272865188843521,0,0,0,0,alaska
1188541434263166976,0,0,0,0,alaska
1187426925133942790,0,1,0,0,alaska
1187127396408930304,1,1,0,0,alaska
1186760859625893888,0,0,0,0,alaska
1186127424230051840,1,0,0,0,alaska
1186117917366194176,0,0,0,0,alaska
1186104343491166208,0,0,0,0,alaska
1186026362177576961,0,0,0,0,alaska
1185711965550854144,0,0,0,0,alaska
1185290476053815296,0,0,0,0,alaska
1185240680358141952,0,0,0,0,alaska
1184995432172343297,0,0,0,0,alaska
1184634797567684608,0,0,0,0,alaska
1184618683571855361,1,0,0,0,alaska
1184205507436912648,0,0,0,0,alaska
1183786459553259523,1,0,0,0,alaska
1183572813975826438,1,0,0,0,alaska
1183570247569293312,1,1,0,0,alaska
1183569793867223040,1,1,1,0,alaska
1183482795538169863,1,1,0,0,alaska
1183018347987902464,1,1,1,0,alaska
1182419924603420673,1,0,0,0,alaska
1182404823519547392,0,0,0,0,alaska
1182104422027005952,0,0,0,0,alaska
1182049166178033664,1,0,0,0,alaska
1181919037682601985,0,0,0,0,alaska
1180610357091549184,0,0,0,0,alaska
1180246047500754945,0,0,0,0,alaska
1179901080790024192,0,0,0,0,alaska
1179802320361676802,0,0,0,0,alaska
1179754538087206912,1,0,0,0,alaska
1179469767339581440,0,0,0,0,alaska
1179469413403316224,0,1,0,0,alaska
1179210857731022848,1,1,0,0,alaska
1179170807995609089,1,0,0,0,alaska
1179151571768266752,1,1,1,0,alaska
1179084706148749312,0,0,0,0,alaska
1177646821755236352,0,1,0,0,alaska
1177597000495304704,0,0,0,0,alaska
1176952713227177985,0,0,0,0,alaska
1176920332483121152,0,0,0,0,alaska
1176658916752658435,0,0,0,0,alaska
1175159301008216071,1,0,0,0,alaska
1175120421391392768,0,0,0,0,alaska
1174401278023221248,1,0,0,0,alaska
1171890929348894726,0,0,0,0,alaska
1171757310328344580,1,0,0,0,alaska
1171756785675452416,1,0,1,0,alaska
1170802973053784072,0,0,0,0,alaska
1169614179390697474,0,0,0,0,alaska
1168856761559916545,0,0,0,0,alaska
1168211853480202244,0,0,0,0,alaska
1167087758000742401,1,0,0,0,alaska
1166536978139103232,0,0,0,0,alaska
1166493482049036289,0,0,0,0,alaska
1166464112647397376,0,0,0,0,alaska
1166458612866306048,1,0,0,0,alaska
1166374814141034498,1,1,1,0,alaska
1166374681697497089,0,0,0,0,alaska
1166151026136756226,0,0,0,0,alaska
1165773714253856768,0,0,0,0,alaska
1165429402445983749,0,0,0,0,alaska
1164948251700846592,0,0,0,0,alaska
1164921824003665921,1,0,0,0,alaska
1162800686490443776,0,0,0,0,alaska
1162120660816211974,0,0,0,0,alaska
1160155412047572999,0,0,0,0,alaska
1159093549910114304,1,0,0,0,alaska
1157391453104070656,0,0,0,0,alaska
1157048151263629319,0,0,1,0,alaska
1156253137285636104,0,0,0,0,alaska
1155291815119134721,0,0,0,0,alaska
1154942381730533381,1,1,1,0,alaska
1154549798483234817,1,1,1,0,alaska
1153808291312488448,0,0,0,0,alaska
1153744635942121474,0,0,0,0,alaska
1153743455908225024,0,0,0,0,alaska
1153656578769346565,1,0,0,0,alaska
1153296540095713281,0,0,0,0,alaska
1151178052770172928,1,0,0,0,alaska
1150438505572646912,1,1,1,0,alaska
1150166352126193666,0,0,0,0,alaska
1149923503744999424,0,0,0,0,alaska
1149099794868162562,0,0,0,0,alaska
1148039950589411333,0,0,0,0,alaska
1209213789482053632,0,0,0,0,alaska
1208506600832536578,0,0,0,0,alaska
1208485988890071040,0,0,0,0,alaska
1204624022123626497,0,0,0,0,alaska
1199724249050533889,0,0,0,0,alaska
1199723963015761920,0,0,0,0,alaska
1198994675786321922,0,0,0,0,alaska
1198393042174038017,0,0,0,0,alaska
1198116742733520897,0,0,0,0,alaska
1197728612461367296,0,0,0,0,alaska
1197183664771088385,0,0,0,0,alaska
1194841471590862848,1,0,0,0,alaska
1194647063604023296,0,0,0,0,alaska
1193923159323398144,0,0,0,0,alaska
1193923100280180736,0,0,0,0,alaska
1193763556371488768,0,0,0,0,alaska
1193759575528230914,0,0,0,0,alaska
1190649565101223937,0,0,0,0,alaska
1190308409100210176,0,0,0,0,alaska
1189915011742699520,0,0,0,0,alaska
1188634408145735681,0,0,0,0,alaska
1187383814529531904,0,0,0,0,alaska
1186815321342005248,0,0,0,0,alaska
1185959471052251136,0,0,0,0,alaska
1185789726298521605,0,0,0,0,alaska
1183608710918107137,0,0,0,0,alaska
1183549625199804418,0,0,0,0,alaska
1182509267607142400,0,0,0,0,alaska
1182508914962599936,0,0,0,0,alaska
1182036512583499778,1,1,0,0,alaska
1181946279087050757,1,1,0,0,alaska
1180197029093359616,0,0,0,0,alaska
1179984757322473472,1,0,0,0,alaska
1179975631905288192,1,0,0,0,alaska
1179974337601818629,0,0,0,0,alaska
1179580824145944576,0,0,0,0,alaska
1179428858451378176,0,0,0,0,alaska
1179152475246301184,0,0,0,0,alaska
1178855516157562880,0,0,0,0,alaska
1178193125568696320,0,0,0,0,alaska
1177676653075451904,0,0,0,0,alaska
1177601858241585152,0,0,0,0,alaska
1177601322851295232,0,0,0,0,alaska
1175808675455201280,0,0,0,0,alaska
1175807874552848385,0,0,0,0,alaska
1175535374317129728,0,0,0,0,alaska
1175484179665997825,0,0,0,0,alaska
1173707640158867456,0,0,0,0,alaska
1173670992540880906,0,0,0,0,alaska
1171816142127517696,0,0,0,0,alaska
1171785489344385025,0,0,0,0,alaska
1171600172553392129,0,0,0,0,alaska
1170412241700569088,0,0,0,0,alaska
1170410963176001536,0,0,0,0,alaska
1170410522820243456,0,0,0,0,alaska
1170146713891303424,1,0,0,0,alaska
1170126783070404609,0,0,0,0,alaska
1169795809417682946,0,0,0,0,alaska
1169636983955587072,0,0,0,0,alaska
1169636930390069248,0,0,0,0,alaska
1169448671542308865,0,0,0,0,alaska
1169448139087958016,0,0,0,0,alaska
1168738939529678848,0,0,0,0,alaska
1168700610293559296,0,0,0,0,alaska
1168700061431189504,0,0,0,0,alaska
1168699690793091072,0,0,0,0,alaska
1167664278960267264,0,0,0,0,alaska
1167655988050051073,0,0,0,0,alaska
1167619733207699456,0,0,0,0,alaska
1163121164916383746,0,0,0,0,alaska
1159264156471590912,0,0,0,0,alaska
1158153756413837312,0,0,0,0,alaska
1158066120131112961,0,0,0,0,alaska
1157005074599534592,0,0,0,0,alaska
1156545373638258688,1,0,0,0,alaska
1155950416997126146,0,0,0,0,alaska
1155949838002880512,0,0,0,0,alaska
1155663003066306561,0,0,0,0,alaska
1154603734501953536,1,0,0,0,alaska
1154207218977218561,0,0,0,0,alaska
1153163668579704832,0,0,0,0,alaska
1150794662359101440,0,0,0,0,alaska
1150426453814599680,0,0,0,0,alaska
1150201195299893249,0,0,0,0,alaska
1150113764114493442,0,0,0,0,alaska
1148792201469517824,0,0,0,0,alaska
1148723828412968960,0,0,0,0,alaska
1148257411754364928,0,0,0,0,alaska
1148082215726678017,0,0,0,0,alaska
1148081095721668608,0,0,0,0,alaska
1148078374725668865,0,0,0,0,alaska
1148049165324132352,1,0,0,0,alaska
1148012396977373185,0,0,0,0,alaska
1147552872768266241,0,0,0,0,alaska
1147552091407175680,1,0,0,0,alaska
1147551844014555137,1,0,0,0,alaska
1147551433534763008,0,0,0,0,alaska
1146860078886113280,0,0,0,0,alaska
1146508505794281472,0,0,0,0,alaska
1145994952733646854,1,0,0,0,alaska
1145838394645209088,0,0,0,0,alaska
1145836508902899714,0,0,0,0,alaska
1145815794036510720,0,0,0,0,alaska
1176622727525892097,1,0,0,0,alaska
1176622314269507584,0,0,0,0,alaska
1168994569041731584,0,0,0,0,alaska
1168046966523121665,0,0,0,0,alaska
1168046634413871105,0,0,0,0,alaska
1195481383835095040,0,0,0,0,alaska
1195471321041227776,0,0,0,0,alaska
1207432522788851712,0,0,0,0,alaska
1202699384435040256,0,0,0,0,alaska
1199350817817448448,0,0,0,0,alaska
1197213667571331072,0,0,0,0,alaska
1196834208439623680,0,0,0,0,alaska
1194457433604640769,0,0,0,0,alaska
1194456984088506368,0,0,0,0,alaska
1193686153171324928,0,0,0,0,alaska
1193685988632956929,0,0,0,0,alaska
1193676034492649472,0,0,0,0,alaska
1193057563878686720,0,0,0,0,alaska
1193057056208519171,0,0,0,0,alaska
1191446721676447744,0,0,0,0,alaska
1191392619932221441,0,0,0,0,alaska
1190382384861990912,0,0,0,0,alaska
1189373271310884864,0,0,0,0,alaska
1184152128626913283,0,0,0,0,alaska
1184151746211241984,0,0,0,0,alaska
1184150057106296832,0,0,0,0,alaska
1183115872929402880,0,0,0,0,alaska
1182909714012618754,0,0,0,0,alaska
1182818002418298880,0,0,0,0,alaska
1182810982436917248,0,0,0,0,alaska
1182810902988378112,0,0,0,0,alaska
1182682151080222720,0,0,0,0,alaska
1181705272651157504,0,0,0,0,alaska
1181627268944125953,0,0,0,0,alaska
1179480345852276736,0,0,0,0,alaska
1177775807403413504,0,0,0,0,alaska
1176284984170037248,0,0,0,0,alaska
1172225040697323520,0,0,0,0,alaska
1172215439209848833,0,0,0,0,alaska
1171182406390300672,0,0,0,0,alaska
1169744563491131393,0,0,0,0,alaska
1165042366467596288,0,0,0,0,alaska
1165028013072715776,0,0,0,0,alaska
1161434030736150528,0,0,0,0,alaska
1147925189268668416,0,0,0,0,alaska
1189209394174496770,1,0,0,0,alaska
1188528664436072448,1,0,0,0,alaska
1187948751135969280,1,1,1,0,alaska
1187256071661817856,1,0,0,0,alaska
1187255685441941504,0,0,0,0,alaska
1187255225259683840,1,1,1,0,alaska
1187253209724620800,1,1,0,0,alaska
1187252667401113600,1,0,0,0,alaska
1187015377655488512,0,0,0,0,alaska
1186503292748099584,1,0,0,0,alaska
1186502913767555072,0,0,0,0,alaska
1186502622032777217,1,1,0,0,alaska
1186502382194003968,1,0,0,0,alaska
1185063505759588353,0,0,0,0,alaska
1185058192255930368,1,1,1,0,alaska
1185052757729800192,1,0,0,0,alaska
1185052511368962048,1,0,0,0,alaska
1185052285514043394,1,1,1,0,alaska
1185051402420117504,1,0,0,0,alaska
1185050754077167617,1,1,0,0,alaska
1185049720751718400,0,0,0,0,alaska
1185049367255715840,1,1,1,0,alaska
1185049215950417920,1,1,0,0,alaska
1185048929278119936,1,0,0,0,alaska
1185048619776241664,0,0,0,0,alaska
1185047750620020736,0,0,0,0,alaska
1185047486072647680,1,0,1,0,alaska
1185046859129085953,0,0,0,0,alaska
1185045603316682753,0,0,0,0,alaska
1185045369727549440,1,1,0,0,alaska
1185044716531748864,1,1,1,0,alaska
1185044468606439424,1,0,0,0,alaska
1185044172564123648,1,1,1,0,alaska
1185044020038262784,1,0,1,0,alaska
1185043530726559744,1,0,0,0,alaska
1185043367815569408,1,1,1,0,alaska
1185042984653377538,1,0,0,0,alaska
1185042191560798208,1,0,0,0,alaska
1185040421514166272,1,0,0,0,alaska
1185038776579444737,0,0,0,0,alaska
1185038380817498113,0,0,0,0,alaska
1184862399355994112,1,1,0,0,alaska
1184861666300661760,1,1,1,0,alaska
1184855303348637696,1,1,0,0,alaska
1184854932228198400,1,0,0,0,alaska
1184853398476087296,0,0,0,0,alaska
1184838464199512066,0,0,0,0,alaska
1184838075106545664,1,1,1,0,alaska
1184715844892233728,0,0,0,0,alaska
1184714878415585282,0,0,0,0,alaska
1184714277967392768,0,0,0,0,alaska
1184708728743849984,0,0,0,0,alaska
1184702986292871168,0,0,1,0,alaska
1184700501855588352,0,0,0,0,alaska
1184699395159126016,0,0,0,0,alaska
1184691394360696834,0,0,0,0,alaska
1184690664350474240,0,0,0,0,alaska
1184688365196562432,0,0,0,0,alaska
1184687251512422401,0,0,0,0,alaska
1184686595489710081,1,0,0,0,alaska
1184678267401322497,1,1,1,0,alaska
1184677950844624896,0,0,0,0,alaska
1184677543032475648,1,0,0,0,alaska
1184676728565690370,1,0,0,0,alaska
1184675009798627328,0,0,0,0,alaska
1184674597095886849,0,0,0,0,alaska
1184673877349167104,1,1,0,0,alaska
1184673465938264064,0,1,0,0,alaska
1184673145015242753,1,1,0,0,alaska
1184672915050004480,0,0,0,0,alaska
1184672017968029697,1,1,0,0,alaska
1184671592598523904,1,0,0,0,alaska
1184671220089778176,1,1,1,0,alaska
1184670986349625344,1,1,1,0,alaska
1184670736876617729,1,1,0,0,alaska
1184670222034194433,1,0,0,0,alaska
1184669357277794305,1,0,0,0,alaska
1184668865118138371,1,0,0,0,alaska
1184668661803405313,1,0,0,0,alaska
1184668226724098048,0,0,0,0,alaska
1184324790183579649,0,0,0,0,alaska
1184324615037865984,1,1,1,0,alaska
1184324320761237504,1,1,0,0,alaska
1184130535481675776,0,0,0,0,alaska
1184127887974137856,1,0,0,0,alaska
1182888430662848512,1,0,0,0,alaska
1182049198587252738,0,0,0,0,alaska
1182048904247824384,0,0,1,0,alaska
1182048069421957120,1,0,1,0,alaska
1182046572109955072,1,0,0,0,alaska
1182045138714914817,1,1,0,0,alaska
1181793982575067137,1,0,1,0,alaska
1181559775835721728,1,1,0,0,alaska
1181559515507916810,1,1,0,0,alaska
1181437124890902529,1,1,0,0,alaska
1181436188810338305,1,1,0,0,alaska
1180649855242272773,1,0,0,0,alaska
1180646477707665409,1,1,0,0,alaska
1180646278276902912,1,1,1,0,alaska
1180236539923533824,0,0,0,0,alaska
1179977626896588802,1,1,0,0,alaska
1179977258724810752,1,0,0,0,alaska
1179255829037494273,1,1,0,0,alaska
1178797969912414208,0,0,0,0,alaska
1178796359802949632,0,0,0,0,alaska
1178792455593873409,0,0,0,0,alaska
1178792051439128576,0,0,0,0,alaska
1178783088089845761,0,0,0,0,alaska
1176627222687272960,0,0,0,0,alaska
1176626747837517824,1,0,0,0,alaska
1176626572628905984,1,0,0,0,alaska
1176626267682029568,1,0,0,0,alaska
1176626043710390272,1,1,0,0,alaska
1176625901779341313,1,1,1,0,alaska
1176625778902986752,1,0,0,0,alaska
1176625085844574208,1,1,0,0,alaska
1176525125375549440,1,1,1,0,alaska
1176522633837502470,0,0,0,0,alaska
1176521681117925377,1,1,0,0,alaska
1176520896502063104,1,1,0,0,alaska
1176517062253899777,1,1,0,0,alaska
1176516841033748480,1,0,0,0,alaska
1176516588603764738,0,0,0,0,alaska
1176507903349379072,1,1,0,0,alaska
1176506867138220032,1,0,0,0,alaska
1174347114781892609,1,0,0,0,alaska
1174346685293555712,1,1,0,0,alaska
1173274402181406720,0,1,0,0,alaska
1173274040733065216,1,1,0,0,alaska
1173271395729465349,1,1,1,0,alaska
1171839147218063360,0,0,1,0,alaska
1165032902846861312,1,1,1,0,alaska
1165032515565834240,1,1,0,0,alaska
1165032288540737536,1,0,0,0,alaska
1165031124055121920,0,0,0,0,alaska
1160940931496808449,0,0,0,0,alaska
1160940738781175808,1,0,1,0,alaska
1160940183732178945,1,0,0,0,alaska
1159489282068738051,0,0,0,0,alaska
1159488522035666945,1,1,1,0,alaska
1159233326663659521,0,0,0,0,alaska
1158994633910702081,1,0,1,0,alaska
1158515660076376065,0,0,1,0,alaska
1158509574854332417,1,1,1,0,alaska
1158079795202150400,0,0,0,0,alaska
1158079155218477056,1,0,0,0,alaska
1158076344925691904,0,0,0,0,alaska
1158075644170797056,0,0,0,0,alaska
1158074904941457408,1,0,0,0,alaska
1156320007384522752,1,1,1,0,alaska
1156319209636237313,1,1,1,0,alaska
1156318703975190531,1,0,1,0,alaska
1156315402986647552,1,1,0,0,alaska
1155526009640239109,1,0,0,0,alaska
1155525935942131714,1,0,0,0,alaska
1155525898608660482,0,0,0,0,alaska
1155525869860843520,1,0,0,0,alaska
1155525421246472192,1,0,0,0,alaska
1155525354208911360,1,0,0,0,alaska
1155525226093957120,1,0,0,0,alaska
1155525190794665984,1,0,0,0,alaska
1155524963543027713,1,0,0,0,alaska
1155524916482957312,1,0,0,0,alaska
1155524883419262976,0,0,0,0,alaska
1155524856575737856,1,0,0,0,alaska
1155524728859197440,1,0,0,0,alaska
1155524658432659462,1,0,0,0,alaska
1155524470334877696,0,0,0,0,alaska
1155524372389494784,1,0,0,0,alaska
1155524157091614721,1,0,0,0,alaska
1155524086149206016,0,0,0,0,alaska
1155523972143824897,1,0,0,0,alaska
1155523917936676864,1,0,0,0,alaska
1155523768673902593,1,0,0,0,alaska
1155523709332910080,1,0,0,0,alaska
1155523607151300608,1,0,0,0,alaska
1155523398837030914,1,0,0,0,alaska
1155523350615117824,1,0,0,0,alaska
1155523109396480000,1,0,0,0,alaska
1155523044279902208,0,0,0,0,alaska
1155522991167377409,0,0,0,0,alaska
1155522953561268224,1,0,0,0,alaska
1155522869897515009,1,0,0,0,alaska
1155522808622878720,1,0,0,0,alaska
1155522729283481604,1,0,0,0,alaska
1155522659481878529,1,0,0,0,alaska
1155522544276918272,1,0,0,0,alaska
1155522489847468033,1,0,0,0,alaska
1155522437561274369,0,0,0,0,alaska
1155522368812408832,1,0,0,0,alaska
1155522260372844544,1,0,0,0,alaska
1151512317873364992,0,0,0,0,alaska
1151511472066793472,1,1,1,0,alaska
1151155411510161408,0,0,0,0,alaska
1151153474769305600,0,0,1,0,alaska
1151153195663577089,0,0,0,0,alaska
1151152892499222529,1,1,0,0,alaska
1151152059304931328,1,0,1,0,alaska
1151151432340365312,1,0,0,0,alaska
1148340782585151488,1,0,0,0,alaska
1210651335567130624,0,0,0,0,alaska
1209854384865021952,0,0,0,0,alaska
1208824769346277376,0,0,0,0,alaska
1208427871733080065,0,0,0,0,alaska
1208058959346556934,0,0,0,0,alaska
1207483327382462465,1,0,0,0,alaska
1205898232007671809,0,0,0,0,alaska
1205182847805509633,0,0,0,0,alaska
1204802644478504960,0,0,0,0,alaska
1204449856175169538,0,0,0,0,alaska
1202024782545346560,0,0,0,0,alaska
1201935097471098880,0,0,0,0,alaska
1200802234516287488,0,0,0,0,alaska
1200103615962238977,0,0,0,0,alaska
1198632986754867200,0,0,0,0,alaska
1197276135752634368,0,0,0,0,alaska
1197253275931889664,0,0,0,0,alaska
1195419118398296066,0,0,0,0,alaska
1194730448615809026,0,0,0,0,alaska
1194695204089020416,0,0,0,0,alaska
1194406603027632128,0,0,0,0,alaska
1193622391588577282,0,0,0,0,alaska
1193197203734618113,0,0,0,0,alaska
1193197203017351169,0,0,0,0,alaska
1193197202329522177,0,0,0,0,alaska
1193197201637421057,0,0,0,0,alaska
1193197197648650240,0,0,0,0,alaska
1192544331632193540,0,0,0,0,alaska
1192503087350587396,0,0,0,0,alaska
1191445335102627840,0,0,0,0,alaska
1189597419719155712,0,0,0,0,alaska
1189597418179969024,0,0,0,0,alaska
1188889742013816835,0,0,0,0,alaska
1188128887924035584,0,0,0,0,alaska
1186682454125486080,0,0,0,0,alaska
1186682449755070464,0,0,0,0,alaska
1185225014641090562,0,0,0,0,alaska
1184924302195527681,0,0,0,0,alaska
1184847097905995781,0,0,0,0,alaska
1183434404116488196,0,0,0,0,alaska
1183098054523707392,0,0,0,0,alaska
1183098053730938880,0,0,0,0,alaska
1183098053022158848,0,0,0,0,alaska
1183098052179038208,0,0,0,0,alaska
1183098051335995392,0,0,0,0,alaska
1183098048555212805,0,0,0,0,alaska
1182335404743286785,0,0,0,0,alaska
1181979931531792384,0,0,0,0,alaska
1181979930537709568,0,0,0,0,alaska
1181979924657250305,0,0,0,0,alaska
1181672693667696640,0,0,0,0,alaska
1181672692912676869,1,0,0,0,alaska
1181618372775223300,0,0,0,0,alaska
1179501755647905792,0,0,0,0,alaska
1179092406312083456,0,0,0,0,alaska
1179092402570764288,0,0,0,0,alaska
1178349908329451526,0,0,0,0,alaska
1177973728141074432,0,0,0,0,alaska
1177973725062467585,0,0,0,0,alaska
1177702205039808513,0,0,0,0,alaska
1177702204213547008,0,0,0,0,alaska
1177659603129118720,0,0,0,0,alaska
1177659599689793538,0,0,0,0,alaska
1177322619214925835,1,0,0,0,alaska
1176626170210803712,1,0,0,0,alaska
1174004575776493571,0,0,0,0,alaska
1174004571200471041,0,0,0,0,alaska
1172262056768225280,0,0,0,0,alaska
1172203333211295753,0,0,0,0,alaska
1172203332347277312,0,0,0,0,alaska
1172203331273547778,1,0,0,0,alaska
1172203329423904770,1,0,0,0,alaska
1172203326253019137,1,0,0,0,alaska
1172015037109682176,0,0,0,0,alaska
1171893479393435648,0,0,0,0,alaska
1171893476126089216,1,0,0,0,alaska
1171816013328986114,0,0,0,0,alaska
1171816012364300289,0,0,0,0,alaska
1171816011533824005,0,0,0,0,alaska
1171816010669797376,0,0,0,0,alaska
1171816007595433989,0,0,0,0,alaska
1171184597092245504,0,0,0,0,alaska
1171184596270141440,0,0,0,0,alaska
1171184595313856514,1,0,1,0,alaska
1170050200330784771,0,0,0,0,alaska
1169711008639791104,0,0,0,0,alaska
1169711007620620289,0,0,0,0,alaska
1169711006723039237,0,0,0,0,alaska
1169711003375939585,0,0,0,0,alaska
1168559188525502464,0,0,0,0,alaska
1166866352503549953,0,0,0,0,alaska
1166475893604093952,0,0,0,0,alaska
1166475892647809024,0,0,0,0,alaska
1166475891691536384,0,0,0,0,alaska
1166475889669885953,0,0,0,0,alaska
1162816134762176513,1,0,0,0,alaska
1159874100086681601,0,0,0,0,alaska
1159501748660310016,0,0,0,0,alaska
1159186453253054465,0,0,0,0,alaska
1157344069888172033,0,0,0,0,alaska
1157023867363385346,0,0,0,0,alaska
1155145822201405440,0,0,0,0,alaska
1154094617320538114,0,0,0,0,alaska
1154054596278534144,0,0,0,0,alaska
1151938850169774080,0,0,0,0,alaska
1151589334451138565,0,0,0,0,alaska
1151589333180264450,0,0,0,0,alaska
1151589330261086208,0,0,0,0,alaska
1150888897645293568,0,0,0,0,alaska
1146826002795921408,0,0,0,0,alaska
1146136226124259328,0,0,0,0,alaska
1208496691894087680,0,0,0,0,alaska
1207473255692394498,0,0,0,0,alaska
1203040491928862720,0,0,0,0,alaska
1194894659018842112,1,0,0,0,alaska
1194392678948933637,0,0,0,0,alaska
1194387443178323968,1,0,0,0,alaska
1194381859284611072,0,0,0,0,alaska
1194381538240057345,1,0,0,0,alaska
1194375723386994689,0,0,0,0,alaska
1179789864645955584,0,0,0,0,alaska
1175943630319546368,0,0,0,0,alaska
1175093655377301504,1,0,0,0,alaska
1174904175592800256,0,0,0,0,alaska
1174903965051342849,0,0,0,0,alaska
1174902986004320257,1,0,0,0,alaska
1174896218956107777,0,0,0,0,alaska
1172993020183998464,0,0,0,0,alaska
1172990530973650944,0,0,0,0,alaska
1172027096664686592,0,0,0,0,alaska
1167604528545325057,0,0,0,0,alaska
1166445060558209024,0,0,0,0,alaska
1165666261021294592,0,0,0,0,alaska
1164363303751057409,0,0,0,0,alaska
1161396359695486976,0,0,0,0,alaska
1161391626960248833,0,0,0,0,alaska
1160960073524371456,0,0,0,0,alaska
1159986479105335296,0,0,0,0,alaska
1156791807490977792,1,0,0,0,alaska
1154218454007705600,1,0,0,0,alaska
1154207936895283201,0,0,0,0,alaska
1154189913455075329,1,0,0,0,alaska
1154183039443800064,1,1,0,0,alaska
1154182291733639169,0,0,0,0,alaska
1154112033748467712,1,0,0,0,alaska
1153433205480890368,0,0,0,0,alaska
1153464022819332099,1,0,0,0,alaska
1117526818175668224,1,1,1,0,alaska
1092264711796604928,0,0,0,0,alaska
1092263482261565441,1,1,1,0,alaska
1082362314110599168,0,0,0,0,alaska
1143409169644437504,0,0,0,0,alaska
1142916367676395520,0,0,0,0,alaska
1140852783899242496,0,0,0,0,alaska
1139613180387180544,0,0,0,0,alaska
1139567009526505472,0,0,0,0,alaska
1139364532617240576,0,0,0,0,alaska
1139364016789184514,0,0,0,0,alaska
1138520541202067456,0,0,0,0,alaska
1138519203261009921,0,0,0,0,alaska
1138515604900442113,0,0,0,0,alaska
1138313730398216192,0,0,0,0,alaska
1137609871992295424,0,0,0,0,alaska
1135757204814934017,0,0,0,0,alaska
1134666485509443584,0,0,0,0,alaska
1134609079341670400,0,0,0,0,alaska
1134339561088139264,0,0,0,0,alaska
1132679356751310848,0,0,0,0,alaska
1131983925398581248,0,0,0,0,alaska
1131923207659839489,0,0,0,0,alaska
1131922035666325504,1,0,0,0,alaska
1131438489155903488,0,0,0,0,alaska
1128620993679728640,0,0,0,0,alaska
1128178486487568385,0,0,0,0,alaska
1127870635412160515,0,0,0,0,alaska
1127150355207245826,0,0,0,0,alaska
1126728002853691393,0,0,0,0,alaska
1126717626112065537,0,0,0,0,alaska
1126366940258193409,1,1,1,0,alaska
1125275063010226181,0,0,0,0,alaska
1125000424346439683,0,0,0,0,alaska
1124879280796602368,0,0,0,0,alaska
1124635100858085376,0,0,0,0,alaska
1122687362662748160,0,0,0,0,alaska
1121922257704501248,0,0,0,0,alaska
1121816493564383232,0,0,0,0,alaska
1121816250936520705,0,0,0,0,alaska
1121706582469779456,0,0,0,0,alaska
1120899211132669953,0,0,0,0,alaska
1120485686136705024,0,0,0,0,alaska
1120434384983793664,0,0,0,0,alaska
1119372993207996416,0,0,0,0,alaska
1119074239410163714,0,0,0,0,alaska
1118563566989144064,1,0,0,0,alaska
1118312715674501120,0,0,0,0,alaska
1117946042090004480,0,0,0,0,alaska
1117857934568910848,0,0,0,0,alaska
1117856903587979268,0,0,0,0,alaska
1115774381823631361,0,0,0,0,alaska
1114538186091294720,1,1,1,0,alaska
1114379132446449664,0,0,0,0,alaska
1114322495996215296,1,0,0,0,alaska
1114001765173682177,0,0,0,0,alaska
1112477449546194944,0,0,0,0,alaska
1111809922763644933,0,0,0,0,alaska
1111699280283090945,0,0,0,0,alaska
1111698405384814592,0,0,0,0,alaska
1111474682794930176,0,1,0,0,alaska
1111467526041432064,0,0,0,0,alaska
1111143796593483776,0,0,0,0,alaska
1111139403110346752,0,0,0,0,alaska
1110654693871509505,0,0,0,0,alaska
1110654169419927554,0,0,0,0,alaska
1110653211868684288,1,0,0,0,alaska
1110650981723697152,1,0,0,0,alaska
1109977475776307205,1,0,0,0,alaska
1109866660020707328,0,0,0,0,alaska
1109616636217065472,0,0,0,0,alaska
1109240667710980096,0,0,0,0,alaska
1109239736747491329,0,0,0,0,alaska
1108994417342345216,0,0,0,0,alaska
1108993462269952000,0,0,0,0,alaska
1108907275094155264,0,0,0,0,alaska
1108215847946850310,0,0,0,0,alaska
1108153576222670849,0,0,0,0,alaska
1107967062805278720,0,0,0,0,alaska
1107966121431298049,1,0,0,0,alaska
1107965295811919874,0,0,0,0,alaska
1107964616649269248,0,0,0,0,alaska
1107964293029363714,0,0,0,0,alaska
1107809354240032769,0,0,0,0,alaska
1107184922609872896,0,0,0,0,alaska
1106824437469331457,0,0,0,0,alaska
1106547391203667970,0,0,0,0,alaska
1106546887488790528,0,0,0,0,alaska
1105924482625998848,1,0,0,0,alaska
1105923982547574784,0,0,0,0,alaska
1105923493609144322,0,0,0,0,alaska
1105547761049464832,0,0,0,0,alaska
1105192172737912832,1,0,0,0,alaska
1105190997242261504,0,0,0,0,alaska
1105102979885981697,0,0,0,0,alaska
1105102442268512256,0,0,0,0,alaska
1104256360101818368,0,0,0,0,alaska
1104255997705478154,0,0,0,0,alaska
1103863670914707456,1,0,0,0,alaska
1103862889536876544,1,0,0,0,alaska
1103862427890868224,1,1,0,0,alaska
1103789989513461760,0,0,0,0,alaska
1103788124159729664,1,0,0,0,alaska
1103787454035718145,0,0,0,0,alaska
1103412063643156481,0,0,0,0,alaska
1103313985372184576,0,0,0,0,alaska
1103277904698302464,1,0,0,0,alaska
1103277505899708416,1,0,0,0,alaska
1102940390905196544,1,0,0,0,alaska
1102837844874162176,1,0,0,0,alaska
1101857175046041600,0,0,0,0,alaska
1101673981118111744,0,0,0,0,alaska
1101665486217961473,0,0,0,0,alaska
1101238288784871424,1,0,0,0,alaska
1100556643715100672,1,0,0,0,alaska
1100486073040363521,1,0,0,0,alaska
1100480040553177088,1,0,0,0,alaska
1100157160359583745,0,0,0,0,alaska
1100156387160514560,0,0,0,0,alaska
1100155327025098752,0,0,0,0,alaska
1099034979646861312,0,0,0,0,alaska
1099020719092944896,1,0,0,0,alaska
1099004564378812416,0,0,0,0,alaska
1098659335717060608,0,0,0,0,alaska
1098657602378989568,0,0,0,0,alaska
1098657095929421824,0,0,0,0,alaska
1098655416458694656,1,0,0,0,alaska
1098654410240970752,0,0,0,0,alaska
1098457776290811904,0,0,0,0,alaska
1097785496606887936,0,0,0,0,alaska
1097785068020367360,0,0,0,0,alaska
1097655402064474113,0,0,0,0,alaska
1097647925994242048,0,0,0,0,alaska
1097645560864006144,1,0,0,0,alaska
1097644079570051072,0,0,0,0,alaska
1097280315163316225,1,0,0,0,alaska
1096866761469620224,0,0,0,0,alaska
1096864241183801345,0,0,0,0,alaska
1096518356671188992,1,0,0,0,alaska
1096516014160769024,0,0,0,0,alaska
1096467436386144257,0,0,0,0,alaska
1096467151018328064,0,0,0,0,alaska
1096466112886132736,1,0,0,0,alaska
1096116900319248384,0,0,0,0,alaska
1096116631409815553,0,0,0,0,alaska
1096115828389376002,0,0,0,0,alaska
1095883618449145856,0,0,0,0,alaska
1095497947339341824,0,0,0,0,alaska
1095496110536179712,0,0,0,0,alaska
1095155918990336001,0,0,0,0,alaska
1095154681888727041,0,0,0,0,alaska
1094759990269640704,0,0,0,0,alaska
1094759288264843264,0,0,0,0,alaska
1094741004156989440,1,0,0,0,alaska
1092491130199887877,0,0,0,0,alaska
1092490413842124800,0,0,0,0,alaska
1092229185588715520,0,0,0,0,alaska
1092121740098949120,0,0,0,0,alaska
1091801786975801344,0,0,0,0,alaska
1091716646245326848,1,0,0,0,alaska
1091593090081554432,0,0,0,0,alaska
1091116084462202880,1,0,0,0,alaska
1091115602494648321,0,0,0,0,alaska
1091115062763241472,0,0,0,0,alaska
1091113655813324800,1,0,0,0,alaska
1091061327202725888,0,0,0,0,alaska
1091058800050593792,0,0,0,0,alaska
1090147287827795968,1,0,0,0,alaska
1090147024530419713,0,0,0,0,alaska
1089815042600488961,0,0,0,0,alaska
1088869326243880960,0,0,0,0,alaska
1088589426127556608,0,0,0,0,alaska
1088272003667177472,1,0,1,0,alaska
1088173987794833408,1,0,0,0,alaska
1088170142666649600,0,0,0,0,alaska
1087568682471964673,1,0,0,0,alaska
1087231785056927744,0,0,0,0,alaska
1087230980073545728,0,0,0,0,alaska
1087214058191839232,0,0,0,0,alaska
1087126714415607808,0,0,0,0,alaska
1087056926838411264,1,0,0,0,alaska
1086987863093174274,1,0,0,0,alaska
1086866377183358978,1,0,0,0,alaska
1086007887942406145,0,0,0,0,alaska
1086005119198552065,1,0,0,0,alaska
1086004347257778176,0,0,0,0,alaska
1086003404789317632,0,0,0,0,alaska
1085073390870777858,0,0,0,0,alaska
1085073013211521025,1,0,0,0,alaska
1085072603155316737,0,0,0,0,alaska
1084576025164472320,0,0,0,0,alaska
1083816069855244288,0,1,0,0,alaska
1083142035094233088,0,0,0,0,alaska
1083116918335131648,1,0,0,0,alaska
1083116172298473472,0,0,0,0,alaska
1083084825936900096,0,0,0,0,alaska
1082691440335933440,1,0,0,0,alaska
1082691047052869632,0,0,0,0,alaska
1082690724594778112,0,0,0,0,alaska
1082690461062422528,0,0,0,0,alaska
1081647593627705344,0,0,0,0,alaska
1081646552597245952,0,0,0,0,alaska
1081645866010566656,0,0,0,0,alaska
1081644480137068544,0,0,0,0,alaska
1081037388992802817,0,0,0,0,alaska
1080231767414468608,0,0,0,0,alaska
1144816687184842752,0,0,0,0,alaska
1142945057915461633,1,1,1,0,alaska
1138204847080116224,1,1,1,0,alaska
1132165097747603456,0,0,0,0,alaska
1132052539980042241,1,0,0,0,alaska
1127749041121583106,1,1,1,0,alaska
1121573640083058688,1,0,0,0,alaska
1121525851659624449,1,1,1,0,alaska
1117262685899558912,1,0,0,0,alaska
1113211681302302721,0,0,0,0,alaska
1111293453059739650,0,0,0,0,alaska
1108766880611926017,0,0,0,0,alaska
1108433025115844609,0,0,0,0,alaska
1107001685489172480,1,1,0,0,alaska
1107000941407019008,0,0,0,0,alaska
1103104179164319744,1,1,1,0,alaska
1102569016470708224,1,0,0,0,alaska
1101917271130288129,1,1,1,0,alaska
1096971036598378497,0,0,0,0,alaska
1096868102049054720,0,0,0,0,alaska
1093531411825520647,1,1,1,0,alaska
1091025836784996352,1,1,1,0,alaska
1090757479343054849,0,1,1,0,alaska
1088916038136315909,0,0,0,0,alaska
1088620392833564672,1,0,0,0,alaska
1088277138799771651,0,0,0,0,alaska
1088249988990337025,0,0,0,0,alaska
1088242330069549056,1,0,0,0,alaska
1088241573211578368,1,1,1,0,alaska
1083956609351671808,1,1,1,0,alaska
1082983783542984704,0,0,0,0,alaska
1082850782867804160,0,0,0,0,alaska
1081757594954465281,1,1,0,0,alaska
1081293240198942723,0,0,0,0,alaska
1144238914669957120,0,0,0,0,alaska
1144215330069200896,0,0,0,0,alaska
1143278155676844033,0,0,0,0,alaska
1143256987372670976,0,0,0,0,alaska
1142977315342671872,0,0,0,0,alaska
1142779441489125382,0,0,0,0,alaska
1142777871506657280,0,0,0,0,alaska
1141603336346460160,0,0,0,0,alaska
1141600788680019968,0,0,0,0,alaska
1141037013178564608,0,0,0,0,alaska
1140853528706994177,0,0,0,0,alaska
1139646461384093696,0,0,0,0,alaska
1139645650897739776,0,0,0,0,alaska
1139608234795233280,1,0,0,0,alaska
1137480239410438144,0,0,0,0,alaska
1137479489091334145,0,0,0,0,alaska
1137479237370179584,0,0,0,0,alaska
1136101680016007169,0,0,0,0,alaska
1135417287136108544,0,0,0,0,alaska
1135293728384360448,0,0,0,0,alaska
1135293514193940481,0,0,0,0,alaska
1134882706607575040,0,0,0,0,alaska
1132106535386066944,0,0,0,0,alaska
1129795782553432064,0,0,0,0,alaska
1129223641588064257,0,0,0,0,alaska
1124333561249554433,0,0,0,0,alaska
1124310324230873089,0,0,0,0,alaska
1123724533796626432,0,0,0,0,alaska
1123398224046215168,0,0,0,0,alaska
1123392817278021634,0,0,0,0,alaska
1123060907955736576,0,0,0,0,alaska
1122258605846122496,0,0,0,0,alaska
1122257902364807168,0,0,0,0,alaska
1122194667984916480,0,0,0,0,alaska
1122191356879757312,0,0,0,0,alaska
1121941447136043008,0,0,0,0,alaska
1121643514440208387,0,0,0,0,alaska
1121642147566850049,0,0,0,0,alaska
1121641384836943872,0,0,0,0,alaska
1121580931154726912,0,0,0,0,alaska
1121431348319666176,0,0,0,0,alaska
1119999505221341184,0,0,0,0,alaska
1119677023788519426,0,0,0,0,alaska
1119654211795345408,0,0,0,0,alaska
1117481708624814080,0,0,0,0,alaska
1117480954778357760,0,0,0,0,alaska
1117138849614852096,0,0,0,0,alaska
1116946471725584384,0,0,0,0,alaska
1116541745079001093,0,0,0,0,alaska
1115811503888670721,0,0,0,0,alaska
1113817440935276545,0,0,0,0,alaska
1113278957116223490,0,0,0,0,alaska
1108469649232936960,0,0,0,0,alaska
1107819553575178241,0,0,0,0,alaska
1107494760233627649,0,0,0,0,alaska
1107476131060420613,0,0,0,0,alaska
1106397068615049216,0,0,0,0,alaska
1105852818408108032,0,0,0,0,alaska
1105277851417206784,0,0,0,0,alaska
1104424049269137408,0,0,0,0,alaska
1104232019263873025,0,0,0,0,alaska
1104140460614799360,0,0,0,0,alaska
1104093101042282496,0,0,0,0,alaska
1103518991283154949,0,0,0,0,alaska
1102771944829509632,1,0,0,0,alaska
1102592670323470338,0,0,0,0,alaska
1102034394569596929,0,0,0,0,alaska
1101145742851301377,0,0,0,0,alaska
1100042871938342912,0,0,0,0,alaska
1099869302889472000,0,0,0,0,alaska
1099868071806681088,0,0,0,0,alaska
1098973777155637248,0,0,0,0,alaska
1098970548946722817,0,0,0,0,alaska
1098613295764799488,0,0,0,0,alaska
1098610437954756608,0,0,0,0,alaska
1097341214087557120,0,0,0,0,alaska
1096243047434616834,0,0,0,0,alaska
1094992323056812037,0,0,0,0,alaska
1094841690689396736,0,0,0,0,alaska
1094662952597172224,0,0,0,0,alaska
1094296897659883521,0,0,0,0,alaska
1094040998135574528,0,0,0,0,alaska
1093715850597609472,0,0,0,0,alaska
1093000887524483072,0,0,0,0,alaska
1091772396921483265,0,0,0,0,alaska
1091770443457937409,0,0,0,0,alaska
1089208428642263040,0,0,0,0,alaska
1089207945743626240,0,0,0,0,alaska
1087229591515586560,0,0,0,0,alaska
1086891632966885376,1,0,0,0,alaska
1086671502106255360,0,0,0,0,alaska
1085759763491635200,1,0,0,0,alaska
1084503141234561024,0,0,0,0,alaska
1083590628485689345,0,0,0,0,alaska
1083570715251462144,0,0,0,0,alaska
1083228538403119104,0,0,0,0,alaska
1083227721730187265,0,0,0,0,alaska
1082516317784035328,0,0,0,0,alaska
1081605337193410560,0,0,0,0,alaska
1081441628596752384,0,0,0,0,alaska
1081016097476755456,0,0,0,0,alaska
1080644368141144065,0,0,0,0,alaska
1102257371886247936,0,0,0,0,alaska
1099540634803757056,0,0,0,0,alaska
1099461940009562112,0,0,0,0,alaska
1099461764515676160,1,0,0,0,alaska
1099195334960369664,0,0,0,0,alaska
1099178615248318464,0,0,0,0,alaska
1097061327980265473,0,0,0,0,alaska
1093299585089294336,0,0,0,0,alaska
1087145384302960640,0,0,0,0,alaska
1086485886777217024,0,0,0,0,alaska
1084916734216220695,0,0,0,0,alaska
1083106455895474176,0,0,0,0,alaska
1082674245807726592,0,0,0,0,alaska
1082363016039944193,0,0,0,0,alaska
1081104128737128450,1,0,0,0,alaska
1143942462051774465,1,0,0,0,alaska
1142130515085893634,0,0,0,0,alaska
1141048853757513729,0,0,0,0,alaska
1133885368904736769,1,0,0,0,alaska
1133847605899714560,0,0,0,0,alaska
1133846179077222407,0,0,0,0,alaska
1133845653681913856,0,0,0,0,alaska
1133845121189928961,0,0,0,0,alaska
1130846071125491712,0,0,0,0,alaska
1129182462070755329,0,0,0,0,alaska
1129180009342545921,0,0,0,0,alaska
1123794638865879040,0,0,0,0,alaska
1119373521178611713,0,0,0,0,alaska
1119299931267670016,0,0,0,0,alaska
1119299061612335104,0,0,0,0,alaska
1119298593167273984,0,0,0,0,alaska
1118904072218660864,0,0,0,0,alaska
1110961886395133952,0,0,0,0,alaska
1099455900220182528,0,0,0,0,alaska
1096565761303228416,0,0,0,0,alaska
1096565231935844352,0,0,0,0,alaska
1092840603820318720,0,0,0,0,alaska
1092537729760423936,0,0,0,0,alaska
1092233290818285568,1,0,0,0,alaska
1088552637203509248,0,0,0,0,alaska
1085703934868508673,0,0,0,0,alaska
1080968524971954176,0,0,0,0,alaska
1142085728517550080,1,1,0,0,alaska
1138834327444176896,1,0,0,0,alaska
1138653753735729152,1,0,0,0,alaska
1138306142537302017,1,1,0,0,alaska
1134352865584009216,0,0,0,0,alaska
1134333937994457091,0,0,0,0,alaska
1134203990810406913,0,0,0,0,alaska
1134202711136657408,1,1,0,0,alaska
1134202160957149184,0,0,0,0,alaska
1134201349019557888,1,1,0,0,alaska
1131793065474002944,1,0,1,0,alaska
1131666731926036480,1,1,0,0,alaska
1131424877020188673,0,0,0,0,alaska
1131424130174087168,1,1,1,0,alaska
1130360074981928960,1,1,1,0,alaska
1130359658630090753,1,1,0,0,alaska
1128070715972866049,1,0,0,0,alaska
1128069039622742016,1,0,0,0,alaska
1128069011093082112,1,0,0,0,alaska
1128068777428434944,1,1,1,0,alaska
1127147062909235200,0,0,0,0,alaska
1125414908244385792,1,0,0,0,alaska
1125414333595258881,1,1,1,0,alaska
1125414022021468160,0,0,0,0,alaska
1125413684157620230,1,0,0,0,alaska
1125412990419755008,1,0,0,0,alaska
1125412578329382913,1,1,1,0,alaska
1124722917651111937,0,0,0,0,alaska
1124722653531594752,1,0,0,0,alaska
1124722253948522496,1,1,0,0,alaska
1124721969683783680,0,0,0,0,alaska
1124721580045508608,1,0,0,0,alaska
1124721452937125888,1,0,0,0,alaska
1124721237094100993,1,1,0,0,alaska
1124550807871819782,1,0,0,0,alaska
1124550261609881600,0,0,0,0,alaska
1124550009234440192,1,1,1,0,alaska
1124549981526941701,1,1,1,0,alaska
1124549778988081152,1,1,1,0,alaska
1124549615255035907,0,0,0,0,alaska
1121798633068744704,1,1,1,0,alaska
1121798513757577217,1,0,1,0,alaska
1118738093073264643,0,0,0,0,alaska
1115471826627350529,0,0,0,0,alaska
1115471545185386497,0,0,0,0,alaska
1115470594215006208,0,0,0,0,alaska
1115470424723181569,1,0,1,0,alaska
1115470132589907970,1,0,0,0,alaska
1115469755635224576,1,1,1,0,alaska
1115469497761034241,1,1,0,0,alaska
1115106081741500417,0,0,0,0,alaska
1108380176344186880,0,0,0,0,alaska
1105717924260507650,1,0,0,0,alaska
1105717249715798016,1,0,0,0,alaska
1104483375518117888,1,1,1,0,alaska
1103527271845916673,0,0,0,0,alaska
1101142762508845056,1,0,0,0,alaska
1101027906313060352,0,0,0,0,alaska
1100419623483142145,1,0,0,0,alaska
1100293910625021953,1,0,0,0,alaska
1097904564764725249,1,0,0,0,alaska
1097890948451713024,0,0,0,0,alaska
1097342430037172224,1,0,0,0,alaska
1097194990168502272,1,1,0,0,alaska
1097190336378490880,1,0,0,0,alaska
1096881677991763968,0,0,0,0,alaska
1096857288285970432,0,0,0,0,alaska
1096075438089134080,0,0,0,0,alaska
1095949654661881856,0,0,0,0,alaska
1095839406777282560,1,0,0,0,alaska
1095346334440124417,1,0,0,0,alaska
1095346112947318784,1,1,1,0,alaska
1095244301427068928,1,1,1,0,alaska
1095190605368442880,0,0,0,0,alaska
1094102138995695618,1,0,0,0,alaska
1093072817791197185,1,0,1,0,alaska
1093069648092815360,1,1,0,0,alaska
1093069418735665152,1,1,0,0,alaska
1093069139520806912,1,0,0,0,alaska
1093068839879770112,0,1,0,0,alaska
1093066095223701504,1,0,0,0,alaska
1091072267298074624,0,0,0,0,alaska
1091071060248715264,0,0,0,0,alaska
1091062749021364224,1,1,1,0,alaska
1091061755738972160,0,0,0,0,alaska
1091061509877190656,1,1,1,0,alaska
1091060450760962048,1,1,1,0,alaska
1089913435100372992,1,1,0,0,alaska
1089911829617201152,1,0,0,0,alaska
1089911431892353025,1,1,1,0,alaska
1089911265235951616,1,1,0,0,alaska
1089910541194129408,1,1,1,0,alaska
1089909444144590854,1,0,0,0,alaska
1089909041327816709,1,0,0,0,alaska
1089422388482043904,0,0,0,0,alaska
1087585574381281281,1,1,1,0,alaska
1087585463567708160,1,1,1,0,alaska
1087585012453584897,1,1,1,0,alaska
1087584359748489217,0,0,1,0,alaska
1087583984408715264,1,1,0,0,alaska
1144360839962664962,0,0,0,0,alaska
1144360839283187712,0,0,0,0,alaska
1144360838599516161,0,0,0,0,alaska
1144360834354819072,0,0,0,0,alaska
1143601239978119168,0,0,0,0,alaska
1142160790436372482,0,0,0,0,alaska
1141809454754742274,1,0,0,0,alaska
1141809454012338177,0,0,0,0,alaska
1141809450484940816,0,0,0,0,alaska
1141765475803848705,0,0,0,0,alaska
1140285361547091968,0,0,0,0,alaska
1139603944458641409,0,0,0,0,alaska
1138911278272061440,0,0,0,0,alaska
1138911273469526016,0,0,0,0,alaska
1135668541380800514,0,0,0,0,alaska
1132337384555667456,0,0,0,0,alaska
1132337279282716672,0,0,0,0,alaska
1130874610449301504,0,0,0,0,alaska
1128693090389118976,0,0,0,0,alaska
1128385164185305094,0,0,0,0,alaska
1128368180664123392,0,0,0,0,alaska
1127984169022181376,0,0,0,0,alaska
1127600570049626112,0,0,0,0,alaska
1126888145583321088,0,0,0,0,alaska
1126600764728782848,0,0,0,0,alaska
1126219851234709508,0,0,0,0,alaska
1125799929585250307,0,0,0,0,alaska
1123660710892974080,0,0,0,0,alaska
1123276560763707393,0,0,0,0,alaska
1123276556556746753,0,0,0,0,alaska
1121843720314343424,0,0,0,0,alaska
1121843719576145921,0,0,0,0,alaska
1121843718233972736,0,0,0,0,alaska
1121460104136744961,0,0,0,0,alaska
1121460100537946112,0,0,0,0,alaska
1118245056077545472,0,0,0,0,alaska
1118245052113932289,0,0,0,0,alaska
1117889423130030080,0,0,0,0,alaska
1117889422215790592,0,0,0,0,alaska
1117889417325056000,0,0,0,0,alaska
1116755621133471745,0,0,0,0,alaska
1116005578793418753,0,0,0,0,alaska
1116005574146252800,0,0,0,0,alaska
1115323298815123458,0,0,0,0,alaska
1115323298274074625,0,0,0,0,alaska
1115323293198954496,0,0,0,0,alaska
1114239178760306688,0,0,0,0,alaska
1113566762531004416,0,0,0,0,alaska
1113566759632678912,0,0,0,0,alaska
1113116869454639104,0,0,0,0,alaska
1111695482319974401,0,0,0,0,alaska
1111304126284120064,0,0,0,0,alaska
1111304125571055618,0,0,0,0,alaska
1111304124983926788,0,0,0,0,alaska
1110675529374547968,0,0,0,0,alaska
1110306712723079169,0,0,0,0,alaska
1110237293409959937,0,0,0,0,alaska
1110237291921002497,0,0,0,0,alaska
1110237288401956866,0,0,0,0,alaska
1110237287579901954,0,0,0,0,alaska
1110237285432340482,0,0,0,0,alaska
1110237283788247041,0,0,0,0,alaska
1109140913861943296,0,0,0,0,alaska
1108804959020171268,0,0,0,0,alaska
1108483194666536964,0,0,0,0,alaska
1107265326968901632,0,0,0,0,alaska
1106630134386311168,0,0,0,0,alaska
1106595339614777344,0,0,0,0,alaska
1105857062595190786,0,0,0,0,alaska
1105596769461776385,0,0,0,0,alaska
1105195325642412032,0,0,0,0,alaska
1104107570963378177,0,0,0,0,alaska
1103783968984522752,0,0,0,0,alaska
1103720398905098240,0,0,0,0,alaska
1103342779479085058,0,0,0,0,alaska
1103049442100477953,0,0,0,0,alaska
1103049441362264065,0,0,0,0,alaska
1102282238669045760,0,0,0,0,alaska
1101235366298824705,0,0,0,0,alaska
1100861801992998914,0,0,0,0,alaska
1100812089583718400,0,0,0,0,alaska
1100454222791929857,1,0,0,0,alaska
1100125054325657603,0,0,0,0,alaska
1098748091971194880,0,0,0,0,alaska
1098301171708583936,0,0,0,0,alaska
1097923678434553856,0,0,0,0,alaska
1096854225626136576,0,0,0,0,alaska
1096837097376411648,0,0,0,0,alaska
1095383695542882305,0,0,0,0,alaska
1095105966092238848,0,0,0,0,alaska
1093946893883846656,0,0,0,0,alaska
1093631730081255425,0,0,0,0,alaska
1093600869076086785,0,0,0,0,alaska
1093255414941188099,0,0,0,0,alaska
1093000501522763776,0,0,0,0,alaska
1092936728514650113,0,0,0,0,alaska
1092877428337332224,0,0,0,0,alaska
1092497272678551552,0,0,0,0,alaska
1091388505257897985,0,0,0,0,alaska
1091388504637165570,0,0,0,0,alaska
1091061404013084672,0,0,0,0,alaska
1090682996187901954,0,0,0,0,alaska
1090322229756350464,0,0,0,0,alaska
1089973383402606593,0,0,0,0,alaska
1089620834317160461,0,0,0,0,alaska
1087841505983770625,0,0,0,0,alaska
1085316019659382784,0,0,0,0,alaska
1080964816192356352,0,0,0,0,alaska
1080852400347451392,0,0,0,0,alaska
1139997983573807104,0,0,0,0,alaska
1130016973566488576,0,0,0,0,alaska
1130016792779399169,0,0,0,0,alaska
1112069316789231616,1,0,0,0,alaska
1112069138959101952,0,0,0,0,alaska
1111032073022656512,0,0,0,0,alaska
1111029693602369536,0,0,0,0,alaska
1095766044445073408,0,0,0,0,alaska
1095479381697294336,0,0,0,0,alaska
1089976955238199296,0,0,0,0,alaska
1089278100322476032,0,0,0,0,alaska
1088163122802679813,0,0,0,0,alaska
1124437725245997056,1,0,0,0,alaska
1124356711622561795,1,0,0,0,alaska
1124131528903135232,0,0,0,0,alaska
1123300216784982022,0,0,0,0,alaska
1116383860982452225,0,0,0,0,alaska
1102628501780348930,0,0,0,0,alaska
1091307477361152000,1,0,0,0,alaska
1089726918314901504,0,0,0,0,alaska
